Items,Unit,Q1/2005,Q2/2005,6M/2005,Q3/2005,9M/2005,Q4/2005,Q1/2006,Q2/2006,6M/2006,Q3/2006,9M/2006,Q4/2006,Q1/2007,Q2/2007,6M/2007,Q3/2007,9M/2007,Q4/2007,Q1/2008,Q2/2008,6M/2008,Q3/2008,9M/2008,Q4/2008,Q1/2009,Q2/2009,6M/2009,Q3/2009,9M/2009,Q4/2009,Q1/2010,Q2/2010,6M/2010,Q3/2010,9M/2010,Q4/2010,Q1/2011,Q2/2011,6M/2011,Q3/2011,9M/2011,Q4/2011,Q1/2012,Q2/2012,6M/2012,Q3/2012,9M/2012,Q4/2012,Q1/2013,Q2/2013,6M/2013,Q3/2013,9M/2013,Q4/2013,Q1/2014,Q2/2014,6M/2014,Q3/2014,9M/2014,Q4/2014,Q1/2015,Q2/2015,6M/2015,Q3/2015,9M/2015,Q4/2015,Q1/2016,Q2/2016,6M/2016,Q3/2016,9M/2016,Q4/2016,Q1/2017,Q2/2017,6M/2017,Q3/2017,9M/2017,Q4/2017,Q1/2018,Q2/2018,6M/2018,Q3/2018,9M/2018,Q4/2018,Q1/2019,Q2/2019,6M/2019,Q3/2019,9M/2019,Q4/2019,Q1/2020,Q2/2020,6M/2020,Q3/2020,9M/2020,Q4/2020,Q1/2021,Q2/2021,6M/2021,Q3/2021,9M/2021,Q4/2021,Q1/2022,Q2/2022,6M/2022,Q3/2022,9M/2022,Q4/2022,Q1/2023,Q2/2023,6M/2023,Q3/2023,9M/2023,Q4/2023,Q1/2024,Q2/2024,6M/2024,Q3/2024,9M/2024,Q4/2024
Agriculture,%,"1,569.00 ",,"2,211.00 ",,206.00 ,,144.00 ,,"2,071.00 ",,"2,008.00 ",,142.00 ,,207.00 ,,"2,006.00 ",,"1,372.00 ",,"2,176.00 ",,"2,159.00 ",,149.00 ,,223.00 ,,"2,162.00 ",,"1,491.00 ",,"2,188.00 ",,"2,109.00 ",,"1,535.00 ",,"2,277.00 ",,215.00 ,,155.00 ,,"2,213.00 ",,"2,084.00 ",,"1,325.00 ",,"1,818.00 ",,"1,785.00 ",,"1,288.00 ","2,168.00 ","1,769.00 ","1,692.00 ",174.00 ,,"1,235.00 ",,"1,673.00 ",,,,"1,144.00 ",,"1,574.00 ",,"1,554.00 ",,777.00 ,,"1,506.00 ",,"1,466.00 ",,"1,034.00 ",173.00 ,"1,415.00 ","1,361.00 ","1,393.00 ","1,583.00 ","1,016.00 ","1,633.00 ","1,355.00 ","1,265.00 ",132.00 ,"1,545.00 ","1,011.00 ","1,769.00 ","1,416.00 ","1,386.00 ","1,405.00 ","1,646.00 ","1,171.00 ","1,261.00 ","1,215.00 ","1,423.00 ","1,279.00 ","1,144.00 ","1,094.00 ","1,118.00 ","1,105.00 ","1,138.00 ","1,127.00 ","1,295.00 ","1,166.00 ","1,097.00 ","1,132.00 ","1,176.00 ","1,151.00 ","1,238.00 ","1,177.00 ",113.00 ,"1,155.00 ",117.00 ,"1,164.00 ","1,259.00 "
Industry,%,"4,303.00 ",,"3,979.00 ",,413.00 ,,432.00 ,,"4,053.00 ",,415.00 ,,433.00 ,,405.00 ,,"4,167.00 ",,"4,229.00 ",,393.00 ,,"3,986.00 ",,423.00 ,,"3,931.00 ",,"3,993.00 ",,"4,275.00 ",,"3,995.00 ",,"4,085.00 ",,"4,305.00 ",,399.00 ,,"4,066.00 ",,"4,306.00 ",,"4,026.00 ",,"4,098.00 ",,"4,023.00 ",,387.00 ,,"3,786.00 ",,"4,032.00 ","3,737.00 ",387.00 ,"3,695.00 ","3,804.00 ",,348.00 ,,"3,345.00 ",,,,"3,424.00 ",,"3,294.00 ",,"3,248.00 ",,"3,406.00 ",,"3,276.00 ",,325.00 ,,"3,526.00 ",325.00 ,"3,378.00 ","3,294.00 ","3,349.00 ","3,582.00 ","3,525.00 ","3,329.00 ",342.00 ,"3,363.00 ","3,398.00 ","3,553.00 ","3,552.00 ","3,186.00 ","3,344.00 ","3,259.00 ","3,316.00 ","3,481.00 ","3,645.00 ","3,841.00 ","3,761.00 ","3,879.00 ","3,803.00 ",383.00 ,"3,797.00 ","4,043.00 ",393.00 ,"3,999.00 ","3,869.00 ","3,778.00 ","3,547.00 ","3,764.00 ","3,662.00 ","3,812.00 ","3,716.00 ","3,746.00 ","3,573.00 ","3,704.00 ","3,644.00 ","3,833.00 ",371.00 ,"3,776.00 "
Services,%,"4,128.00 ",,381.00 ,,381.00 ,,424.00 ,,"3,876.00 ",,"3,842.00 ",,425.00 ,,388.00 ,,"3,827.00 ",,"4,399.00 ",,"3,894.00 ",,"3,855.00 ",,428.00 ,,"3,839.00 ",,"3,845.00 ",,"4,234.00 ",,"3,817.00 ",,"3,806.00 ",,416.00 ,,"3,733.00 ",,"3,784.00 ",,"4,144.00 ",,"3,761.00 ",,"3,818.00 ",,"4,652.00 ",,"4,312.00 ",,"4,429.00 ",,468.00 ,"4,096.00 ","4,361.00 ","4,614.00 ","4,456.00 ",,"4,223.00 ",,"3,961.00 ",,,,"4,361.00 ",,"4,101.00 ",,418.00 ,,"4,399.00 ",,"4,184.00 ",,"4,267.00 ",,"4,377.00 ",402.00 ,"4,182.00 ","4,374.00 ","4,254.00 ",385.00 ,"4,404.00 ","4,044.00 ","4,204.00 ","4,389.00 ","4,274.00 ","3,942.00 ","4,371.00 ","4,032.00 ","4,204.00 ","4,392.00 ","4,273.00 ","3,945.00 ",422.00 ,"4,014.00 ","4,113.00 ","3,823.00 ","4,019.00 ","4,196.00 ",417.00 ,"3,968.00 ","4,063.00 ","4,029.00 ","4,131.00 ",413.00 ,"4,365.00 ","4,294.00 ","4,325.00 ","4,192.00 ","4,272.00 ","4,235.00 ","4,348.00 ","4,334.00 ","4,335.00 ","4,185.00 ",428.00 ,"4,204.00 "
Real GDP growth,,,,,,,,,,,,,,,,,,,,,,,,,,,,,,,,,,,,,,,,,,,,,,,,,,,,,,,,,,,,,,,,,,,,,,,,,,,,,,,,,,,,,,,,,,,,,,,,,,,,,,,,,,,,,,,,,,,,,,,,,
Total GDP,%,72.00 ,,763.00 ,,81.00 ,,72.00 ,,74.00 ,,784.00 ,,77.00 ,,787.00 ,,816.00 ,,743.00 ,57.00 ,65.00 ,,652.00 ,,31.00 ,,39.00 ,,456.00 ,,583.00 ,,616.00 ,,652.00 ,,543.00 ,567.00 ,557.00 ,607.00 ,576.00 ,,4 ,,438.00 ,,473.00 ,,476.00 ,5 ,49.00 ,554.00 ,514.00 ,604.00 ,506.00 ,,518.00 ,,562.00 ,,603.00 ,,628.00 ,,65.00 ,,546.00 ,,552.00 ,,593.00 ,,51.00 ,617.00 ,573.00 ,746.00 ,641.00 ,,738.00 ,679.00 ,708.00 ,688.00 ,698.00 ,731.00 ,679.00 ,671.00 ,676.00 ,731.00 ,698.00 ,697.00 ,382.00 ,36.00 ,181.00 ,262.00 ,212.00 ,448.00 ,448.00 ,661.00 ,564.00 ,(617.00),142.00 ,522.00 ,503.00 ,772.00 ,642.00 ,"1,367.00 ",883.00 ,592.00 ,332.00 ,414.00 ,372.00 ,533.00 ,424.00 ,672.00 ,566.00 ,693.00 ,642.00 ,74.00 ,682.00 ,755.00 
Agriculture,%,41.00 ,,423.00 ,,41.00 ,,21.00 ,,3 ,,332.00 ,,23.00 ,,267.00 ,,302.00 ,,286.00 ,32.00 ,304.00 ,,357.00 ,,4.00 ,,125.00 ,,157.00 ,,345.00 ,,331.00 ,,289.00 ,,205.00 ,202.00 ,208.00 ,,239.00 ,,284.00 ,,281.00 ,,248.00 ,,224.00 ,,207.00 ,,239.00 ,,237.00 ,,296.00 ,,3 ,,214.00 ,,236.00 ,,177.00 ,,(123.00),,(18.00),,65.00 ,,138.00 ,,265.00 ,,278.00 ,,405.00 ,,393.00 ,346.00 ,365.00 ,39.00 ,268.00 ,219.00 ,239.00 ,153.00 ,202.00 ,162.00 ,8.00 ,172.00 ,119.00 ,293.00 ,184.00 ,469.00 ,316.00 ,411.00 ,382.00 ,104.00 ,274.00 ,316.00 ,245.00 ,302.00 ,278.00 ,324.00 ,299.00 ,385.00 ,252.00 ,325.00 ,307.00 ,372.00 ,343.00 ,413.00 ,298.00 ,334.00 ,338.00 ,258.00 ,32.00 ,299.00 
Industry,%,85.00 ,,95.00 ,,10 ,,87.00 ,,93.00 ,,985.00 ,,93.00 ,,988.00 ,,"1,015.00 ",,815.00 ,6 ,7 ,,709.00 ,,15.00 ,,348.00 ,,448.00 ,,565.00 ,,65.00 ,,729.00 ,,547.00 ,446.00 ,649.00 ,,662.00 ,,294.00 ,,381.00 ,,436.00 ,,493.00 ,,518.00 ,,52.00 ,,469.00 ,,533.00 ,,642.00 ,,835.00 ,,909.00 ,,969.00 ,,672.00 ,,712.00 ,,75.00 ,,417.00 ,,581.00 ,,717.00 ,,97.00 ,,907.00 ,861.00 ,889.00 ,865.00 ,863.00 ,914.00 ,893.00 ,"1,005.00 ",936.00 ,792.00 ,515.00 ,138.00 ,298.00 ,295.00 ,308.00 ,56.00 ,63.00 ,"1,028.00 ",836.00 ,(502.00),357.00 ,561.00 ,638.00 ,887.00 ,77.00 ,"1,291.00 ",944.00 ,422.00 ,(4.00),25.00 ,113.00 ,519.00 ,241.00 ,735.00 ,628.00 ,829.00 ,751.00 ,911.00 ,819.00 ,835.00 
Services,%,7 ,,76.00 ,,82.00 ,,74.00 ,,77.00 ,,803.00 ,,78.00 ,,841.00 ,,854.00 ,,805.00 ,71.00 ,76.00 ,,723.00 ,,54.00 ,,55.00 ,,591.00 ,,664.00 ,,705.00 ,,724.00 ,,628.00 ,644.00 ,612.00 ,,624.00 ,,531.00 ,,557.00 ,,597.00 ,,565.00 ,,592.00 ,,625.00 ,,595.00 ,,601.00 ,,599.00 ,,582.00 ,,59.00 ,,617.00 ,,613.00 ,,635.00 ,,666.00 ,,652.00 ,,685.00 ,,725.00 ,,67.00 ,,69.00 ,687.00 ,689.00 ,761.00 ,65.00 ,685.00 ,669.00 ,711.00 ,685.00 ,809.00 ,327.00 ,(176.00),57.00 ,275.00 ,137.00 ,429.00 ,334.00 ,43.00 ,396.00 ,(928.00),69.00 ,542.00 ,458.00 ,856.00 ,66.00 ,"1,886.00 ","1,057.00 ",812.00 ,679.00 ,611.00 ,633.00 ,624.00 ,632.00 ,729.00 ,612.00 ,706.00 ,664.00 ,751.00 ,695.00 ,821.00 
GDP value (2010),,,,,,,,,,,,,,,,,,,,,,,,,,,,,,,,,,,,,,,,,,,,,,,,,,,,,,,,,,,,,,,,,,,,,,,,,,,,,,,,,,,,,,,,,,,,,,,,,,,,,,,,,,,,,,,,,,,,,,,,,
GDP at constant prices (2010),Billion Dong,,,,,,,,,,,,,,,,,,,,,,,,,,,,,,,,,,,,,,,,,,,,,,,,,"480,455 ","614,902 ","1,095,357 ","643,601 ","1,738,985 ","804,599 ","503,683 ","648,415 ","1,152,098 ","684,534 ","1,836,632 ","859,164 ","534,573 ","690,305 ","1,224,878 ","729,625 ","1,954,503 ","921,353 ","564,255 ","728,713 ","1,292,968 ","777,912 ","2,070,880 ","983,590 ","593,170 ","775,495 ","1,368,665 ","836,270 ","2,204,935 ","1,057,613 ","637,244 ","23,589,425.00 ","1,466,960 ","1,466,960 ","23,589,425.00 ","1,134,963 ","681,010 ","884,508 ","1,565,704 ","957,109 ","2,522,978 ","1,214,052 ","707,223 ","887,862 ","1,594,140 ","983,730 ","2,578,108 ","1,268,385 ","1,189,216 ","1,248,813 ","2,443,187 ","1,201,066 ","3,643,802 ","1,467,490 ","1,255,312 ","1,346,821 ","2,602,382 ","1,376,321 ","4,006,189 ","1,538,951 ","1,320,755 ","1,407,473 ","2,727,672 ","1,450,322 ","4,176,814 ","1,643,902 ","1,396,660 ","1,508,387 ","2,907,904 ","1,561,963 ","4,472,215 ","1,773,652 "
Agriculture,Billion Dong,,,,,,,,,,,,,,,,,,,,,,,,,,,,,,,,,,,,,,,,,,,,,,,,,"65,298 ","138,831 ","204,129 ","109,506 ","313,635 ","133,399 ","66,844 ","143,337 ","210,181 ","112,856 ","323,037 ","32,514 ","66,940 ","143,003 ","209,943 ","35,340 ","245,283 ","106,641 ","66,186 ","143,095 ","209,281 ","114,837 ","324,118 ","30,340 ","49,119 ","117,499 ","214,835 ","83,555 ","333,053 ","149,364 ","70,244 ","223,482 ","223,482 ","3,455,611.00 ","3,455,611.00 ","154,845 ","72,261 ","156,090 ","228,440 ","124,487 ","352,698 ","157,354 ","72,406 ","158,542 ","575,897 ","128,735 ","359,775 ","164,726 ","125,510 ","137,147 ","265,008 ","156,017 ","420,887 ","157,234 ","130,990 ","141,144 ","272,241 ","148,123 ","424,501 ","178,958 ","140,836 ","143,521 ","284,870 ","154,316 ","439,759 ","184,545 ","145,600 ","151,303 ","297,533 ","162,421 ","460,392 ","192,991 "
Industry,Billion Dong,,,,,,,,,,,,,,,,,,,,,,,,,,,,,,,,,,,,,,,,,,,,,,,,,"192,430 ","230,162 ","422,592 ","241,824 ","664,416 ","316,673 ","200,860 ","244,266 ","445,126 ","261,966 ","707,092 ","344,124 ","184,644 ","228,346 ","412,990 ","136,556 ","549,546 ","432,865 ","197,759 ","245,730 ","443,489 ","263,235 ","706,724 ","350,084 ","206,847 ","189,759 ","470,314 ","235,636 ","758,614 ","382,755 ","227,596 ","8,260,875.00 ","513,350 ","513,350 ","8,260,875.00 ","415,876 ","247,733 ","311,394 ","559,224 ","344,648 ","903,873 ","448,832 ","260,602 ","315,686 ","599,315 ","355,168 ","932,041 ","473,978 ","434,967 ","478,718 ","913,163 ","450,933 ","1,364,438 ","547,529 ","462,710 ","521,538 ","984,355 ","516,567 ","1,477,553 ","562,396 ","459,243 ","512,383 ","971,854 ","539,924 ","1,509,766 ","605,975 ","488,208 ","545,237 ","1,035,164 ","587,190 ","1,623,915 ","657,896 "
Services,Billion Dong,,,,,,,,,,,,,,,,,,,,,,,,,,,,,,,,,,,,,,,,,,,,,,,,,"222,727 ","245,909 ","468,636 ","292,298 ","760,934 ","354,528 ","235,979 ","260,812 ","496,791 ","309,712 ","806,503 ","375,553 ","216,604 ","242,717 ","459,321 ","290,347 ","749,668 ","351,568 ","229,578 ","258,729 ","488,307 ","310,749 ","799,056 ","379,087 ","244,194 ","278,136 ","522,330 ","334,750 ","857,080 ","408,740 ","260,157 ","558,608 ","558,608 ","9,157,347.00 ","9,157,347.00 ","440,185 ","276,919 ","318,984 ","595,903 ","381,359 ","977,261 ","475,814 ","285,964 ","313,378 ","188,007 ","392,479 ","991,228 ","496,223 ","508,697 ","515,232 ","1,027,529 ","481,371 ","1,508,521 ","634,633 ","535,754 ","558,903 ","1,094,980 ","587,647 ","1,728,262 ","666,854 ","590,817 ","623,253 ","1,212,811 ","626,848 ","1,840,018 ","716,362 ","627,420 ","677,030 ","1,304,919 ","675,595 ","1,980,801 ","776,143 "
Current GDP value,,,,,,,,,,,,,,,,,,,,,,,,,,,,,,,,,,,,,,,,,,,,,,,,,,,,,,,,,,,,,,,,,,,,,,,,,,,,,,,,,,,,,,,,,,,,,,,,,,,,,,,,,,,,,,,,,,,,,,,,,
Agriculture,Billion Dong,"25,768 ","58,301 ","84,069 ","37,018 ","121,087 ","53,961 ","26,563 ","61,776 ","88,339 ","47,162 ","135,501 ","63,175 ","30,042 ","72,029 ","102,071 ","55,880 ","157,951 ","73,617 ","34,846 ","101,297 ","136,143 ","83,392 ","219,535 ","105,631 ","46,261 ","116,896 ","163,157 ","87,003 ","250,160 ","89,830 ","54,106 ","132,981 ","187,087 ","100,642 ","287,729 ","119,918 ","67,807 ","175,860 ","243,667 ","123,970 ","367,637 ","190,647 ","84,602 ","192,626 ","277,228 ","134,064 ","411,292 ","227,481 ","90,608 ","184,605 ","275,213 ","156,802 ","432,015 ","226,966 ","97,476 ","197,604 ","295,080 ","169,982 ","465,062 ","71,477 ","99,868 ","197,829 ","297,697 ","50,741 ","348,438 ","185,177 ","97,253 ","198,637 ","295,890 ","176,081 ","471,971 ",,"72,411 ","159,903 ","310,045 ","122,166 ","488,229 ","279,932 ","106,260 ","215,092 ","321,352 ","1,925,103.00 ","5,133,556.00 ","293,080 ","113,401 ","223,202 ","336,753 ","194,675 ","531,111 ","310,617 ","120,084 ","244,699 ","364,732 ","220,863 ","585,786 ","349,207 ","224,182 ","258,553 ","486,485 ","282,757 ","765,140 ","274,540 ","233,213 ","256,159 ","489,649 ","270,101 ","770,891 ","345,510 ","268,224 ","268,127 ","536,480 ","298,813 ","836,618 ","361,551 ","295,777 ","308,208 ","606,019 ","333,469 ","942,663 ","415,226 "
GDP - Current prices,Billion Dong,"164,243 ","216,026 ","380,269 ","206,829 ","587,098 ","250,760 ","184,359 ","242,186 ","426,545 ","248,290 ","674,835 ","298,956 ","210,878 ","282,577 ","493,455 ","293,776 ","787,231 ","356,211 ","254,086 ","371,652 ","625,738 ","390,765 ","1,016,503 ","462,192 ","311,136 ","420,464 ","731,600 ","425,477 ","1,157,077 ","488,404 ","362,895 ","492,305 ","855,200 ","508,996 ","1,364,196 ","616,718 ","441,707 ","628,223 ","1,069,930 ","640,284 ","1,710,214 ","824,794 ","545,764 ","706,813 ","1,252,577 ","720,208 ","1,972,785 ","977,899 ","683,668 ","830,435 ","1,514,103 ","906,778 ","2,420,881 ","1,163,380 ","756,566 ","911,612 ","1,668,178 ","1,004,792 ","2,672,970 ","1,264,886 ","808,883 ","970,287 ","1,779,170 ","1,072,220 ","2,851,390 ","1,341,472 ","850,315 ","1,029,558 ","1,879,873 ","1,157,955 ","3,037,828 ",,"931,607 ","1,127,215 ","2,058,822 ","1,272,433 ","3,331,255 ","1,676,602 ","1,027,928 ","14,142,365.00 ","2,270,148 ","1,242,220 ","36,851,303.00 ","1,851,928 ","1,116,680 ","1,366,899 ","2,484,918 ","1,539,114 ","4,024,265 ","2,010,887 ","1,188,207 ","1,382,995 ","2,576,480 ","1,593,586 ","4,169,988 ","2,121,415 ","1,915,368 ","2,050,431 ","4,003,548 ","1,986,949 ","5,985,244 ","2,399,005 ","2,132,796 ","2,292,012 ","4,429,425 ","2,373,152 ","6,839,048 ","2,669,131 ","2,300,882 ","2,444,649 ","4,741,481 ","2,540,588 ","7,268,043 ","2,921,187 ","2,513,091 ","2,727,565 ","5,245,201 ","2,849,908 ","8,099,698 ","3,297,408 "
Industry,Billion Dong,"70,679 ","80,655 ","151,334 ","90,915 ","242,249 ","101,558 ","79,569 ","93,300 ","172,869 ","107,212 ","280,081 ","124,263 ","91,276 ","108,815 ","200,091 ","127,933 ","328,024 ","147,704 ","107,458 ","138,434 ","245,892 ","159,253 ","405,145 ","184,930 ","131,593 ","155,968 ","287,561 ","174,427 ","461,988 ","200,131 ","155,146 ","186,509 ","341,655 ","215,618 ","557,273 ","256,792 ","190,166 ","236,731 ","426,897 ","268,499 ","695,396 ","325,012 ","235,010 ","269,275 ","504,285 ","304,089 ","808,374 ","390,985 ","275,028 ","310,970 ","585,998 ","330,618 ","916,616 ","456,312 ","305,027 ","340,651 ","645,678 ","371,241 ","1,016,919 ","499,263 ","281,516 ","313,596 ","595,112 ","205,693 ","800,805 ","593,325 ","291,109 ","328,145 ","619,254 ","367,494 ","986,748 ",,"317,290 ","357,152 ","674,442 ","408,128 ","1,082,570 ","586,998 ","362,500 ","4,658,984.00 ","766,799 ","404,299 ","12,340,199.00 ","663,357 ","393,671 ","455,082 ","849,830 ","517,564 ","1,367,394 ","714,489 ","422,089 ","440,569 ","861,692 ","519,397 ","1,382,675 ","738,351 ","698,219 ","787,580 ","1,505,538 ","770,816 ","2,276,166 ","918,865 ","809,861 ","926,735 ","1,740,713 ","948,921 ","2,646,169 ","1,008,490 ","816,185 ","920,250 ","1,736,335 ","968,434 ","2,700,557 ","1,094,325 ","897,978 ","1,010,232 ","1,911,511 ","1,092,321 ","3,005,083 ","1,245,248 "
Services,Billion Dong,"67,796 ","77,070 ","144,866 ","78,896 ","223,762 ","95,241 ","78,227 ","87,110 ","165,337 ","93,916 ","259,253 ","111,518 ","89,560 ","101,733 ","191,293 ","109,963 ","301,256 ","134,890 ","111,782 ","131,921 ","243,703 ","148,120 ","391,823 ","171,631 ","133,282 ","147,600 ","280,882 ","164,047 ","444,929 ","198,443 ","153,643 ","172,815 ","326,458 ","192,736 ","519,194 ","240,008 ","183,734 ","215,632 ","399,366 ","247,815 ","647,181 ","309,135 ","226,155 ","244,909 ","471,064 ","282,055 ","753,119 ","359,433 ","318,032 ","334,860 ","652,892 ","419,358 ","1,072,250 ","480,102 ","354,063 ","373,357 ","727,420 ","463,569 ","1,190,989 ","517,304 ","341,622 ","363,042 ","704,664 ","450,838 ","1,155,502 ","510,460 ","370,846 ","400,001 ","770,847 ","498,847 ","1,269,694 ",,"409,867 ","451,589 ","861,456 ","560,008 ","1,421,464 ","648,102 ","449,923 ","499,420 ","949,343 ","618,499 ","15,677,722.00 ","713,029 ","491,778 ","552,806 ","1,044,588 ","675,535 ","1,720,123 ","792,777 ","519,313 ","557,662 ","1,083,270 ","699,839 ","1,781,754 ","836,983 ","808,319 ","823,138 ","1,646,611 ","759,537 ","2,405,609 ","1,006,580 ","889,376 ","909,571 ","1,799,520 ","956,208 ","2,825,023 ","1,102,360 ","1,004,341 ","1,049,810 ","2,050,730 ","1,065,001 ","3,104,755 ","1,237,147 ","1,092,719 ","1,182,165 ","2,273,774 ","1,192,614 ","3,466,550 ","1,386,287 "