Id,Date Posted,Product Title,Price,Area,Price per m²,Bedrooms,Toilets,Location,Coordinates
41550357,28/02/2025,"Hot Quỹ căn nội bộ - tải bảng giá niêm yết chủ đầu tư, vay lãi suất 0%,ck 2,5% căn hộ TT Láng Hạ",Giá thỏa thuận,106 m²,N/A,3,2,·,"21.020743643055578, 105.8188696928301"
41694673,27/02/2025,"Hot hàng hiếm 10 suất ngoại giao bảng hàng cực hot, lãi suất 0% trong 6 tháng, căn hộ TT Láng Hạ",Giá thỏa thuận,83 m²,N/A,2,2,·,"21.020708, 105.81897"
42084659,03/03/2025,HOT! Quỹ căn ngoại giao đẹp nhất tầng 16 đến 27 (Penhouse) DA The Nelson giá tốt nhất thị trường,Giá thỏa thuận,"106,1 m²",N/A,3,N/A,"Thành Công, Ba Đình","21.020790495114, 105.819169031891"
41960567,03/03/2025,"Chính chủ bán căn hộ DTSD 110m2 tầng 3, 5.7tỷ SĐCC TT Ban TC Trung Ương ngõ 195 Đội Cấn, Ba Đình HN","5,7 tỷ",110 m²,"51,82 tr/m²",4,2,"Đội Cấn, Ba Đình","21.0349663185301, 105.825329822471"
42299647,28/02/2025,Chính chủ bán căn hộ tầng 5 khu tập thể ngân hàng Trung Ương - Ba Đình,"3,7 tỷ",33 m²,"112,12 tr/m²",N/A,N/A,"Trúc Bạch, Ba Đình","21.045211790372, 105.84270728448"
41121730,28/02/2025,Giá tốt (135tr/m2): Quỹ căn Vinhomes Metropolis ngày 28/2: SDT 0913 809 ***,"24,5 tỷ",146 m²,"167,81 tr/m²",4,3,"Ngọc Khánh, Ba Đình","21.0332005934552, 105.817575333658"
41924361,28/02/2025,"Quỹ căn nội bộ The Nelson tầng đẹp giá niêm yết, chiết khấu cao nhất cho quý khách trong tháng 3",Giá thỏa thuận,106 m²,N/A,3,N/A,"Thành Công, Ba Đình","21.019845115245868, 105.8191921901466"
42025902,26/02/2025,"Bán căn hộ 1PN + 1 nhà TT Đào Tấn, Linh Lang, Ba Đình. DT 50m2 full NT, sổ đỏ chính chủ. Giá 2,9 tỷ","2,9 tỷ",50 m²,58 tr/m²,1,1,"Cống Vị, Ba Đình","21.0327771945018, 105.808879840363"
42075911,06/03/2025,"Quỹ căn cần bán gấp Vinhomes Metropolis 1PN, 2PN, 3PN, 4PN, giá tốt, xem nhà 24/7, LH 0987 709 ***",23 tỷ,146 m²,"157,53 tr/m²",4,3,"Ngọc Khánh, Ba Đình","21.033822161915502, 105.81743346592488"
42352224,06/03/2025,"CHỦ NHÀ ĐI MỸ BÁN GẤP CĂN HỘ LÁNG HẠ VIEW 3 HỒ GIẢNG VÕ, THÀNH CÔNG, HOÀNG CẦU,DT:106M2 GIÁ 13 TỶ",13 tỷ,106 m²,"122,64 tr/m²",3,2,"Thành Công, Ba Đình","21.0209727702924, 105.818377337798"
42010652,06/03/2025,"Căn 2PN view hồ Hoàng Cầu rất hiếm TT quận Ba Đình 29 Láng Hạ, CK 2,5% trực tiếp CĐT bàn giao 2025",11 tỷ,87 m²,"126,44 tr/m²",2,2,"Thành Công, Ba Đình","21.0207612457492, 105.819213664196"
40396592,05/03/2025,Quỹ căn hộ cần chuyển nhượng giá tốt nhất - gọi xem nhà ngay hôm nay. Hotline 0989 138 ***,"20,5 tỷ",115 m²,"178,26 tr/m²",3,2,"Ngọc Khánh, Ba Đình","21.0325841306725, 105.816345465811"
42341061,05/03/2025,Chính chủ bán căn 3PN dự án Diamond Park Plaza Láng Hạ. Căn tầng 8 view trực diện hồ Thành Công,19 tỷ,"124,9 m²","152,12 tr/m²",3,2,"Thành Công, Ba Đình","21.019121152916778, 105.81585158668751"
40684077,05/03/2025,Metropolis căn 139 tr/m2 cần bán (05/03/2025) SDT 0913 809 ***,"17,6 tỷ",115 m²,"153,04 tr/m²",3,2,"Ngọc Khánh, Ba Đình","21.03393170376466, 105.81733516020357"
42329392,04/03/2025,"Chỉ từ 8.8 tỷ sở hữu ngay căn hộ đẳng cấp tại Metrolpolis, sổ đỏ sẵn giao dịch, nội thất cao cấp","8,8 tỷ",68 m²,"129,41 tr/m²",2,2,"Ngọc Khánh, Ba Đình","21.033525194842817, 105.8167138888276"
42315190,03/03/2025,Chính chủ bán căn chung cư vị trí vip Ba Đình - 146m2 x 3 ngủ,"9,5 tỷ",146 m²,"65,07 tr/m²",3,2,"Vĩnh Phúc, Ba Đình","21.0423161892545, 105.814316425837"
37349831,01/03/2025,"Quỹ căn cần bán gấp Vinhomes Metropolis từ 1PN đến 4PN, xem nhà 24/7, giá tốt nhất thị trường",26 tỷ,146 m²,"178,08 tr/m²",4,3,"Ngọc Khánh, Ba Đình","21.0332698822021, 105.816703796387"
42296130,28/02/2025,"Chung cư siêu Víp Vinhomes Metropolis 29 Liễu Giai, DT: 143m2, giá 29,75 tỷ","29,75 tỷ",143 m²,"208,04 tr/m²",4,3,"Ngọc Khánh, Ba Đình","21.032977616703967, 105.81621514677163"
37236015,26/02/2025,"Bán gấp CH duplex chung cư Platinum số 6 Nguyễn Công Hoan, 256m2, 3PN + 1 giá 19.5 tỷ",19 tỷ,256 m²,"74,22 tr/m²",4,3,"Ngọc Khánh, Ba Đình","21.0270671844482, 105.817451477051"
39496587,25/02/2025,"Bán chuyển nhượng căn hộ 2PN DT 77.5m2 tầng cao DA Grandeur Palace Giảng Võ, full đồ, sổ đỏ",Giá thỏa thuận,"77,5 m²",N/A,2,2,"Kim Mã, Ba Đình","21.028797149658203, 105.82567596435547"
42241775,22/02/2025,Chính chủ cần bán căn góc view hồ Giảng Võ đẹp nhất Lancaster,13 tỷ,116 m²,"112,07 tr/m²",3,2,"Giảng Võ, Ba Đình","21.0287091821769, 105.823889917322"
42214129,20/02/2025,Mở bán căn hộ cao cấp Discovery Central - Chìa khóa trao tay,16 tỷ,"117,8 m²","135,82 tr/m²",3,2,"Điện Biên, Ba Đình","21.032202554863286, 105.83097785438893"
41581681,07/03/2025,Suất ngoại giao siêu hiếm tại chung cư The Nelson Private Residences - 29 Láng Hạ,"10,79 tỷ",83 m²,130 tr/m²,2,2,"Thành Công, Ba Đình","21.0230606003067, 105.819762399081"
42206935,06/03/2025,Bán TT ban đối ngoại TW Kim Mã - Ba Đình - 3tỷ,3 tỷ,65 m²,"46,15 tr/m²",2,2,"Kim Mã, Ba Đình","21.0321054408069, 105.824977256603"
42355682,06/03/2025,"Bán căn tập thể khu 7,2ha Vĩnh Phúc, Ba Đình diện tích sổ đỏ: 58 m2, dtsd 80m ( giá 4.35 tỷ )","4,35 tỷ",80 m²,"54,38 tr/m²",3,2,"Vĩnh Phúc, Ba Đình","21.0441809441075, 105.810573304928"
42225152,06/03/2025,Chính chủ gửi bán tập thể A4 Giảng Võ sử dụng 100m2,"3,75 tỷ",100 m²,"37,5 tr/m²",3,2,"Giảng Võ, Ba Đình","21.025451020911, 105.818663105677"
38990119,06/03/2025,"Bán gấp căn hộ chung cư The Lancaster 20 Núi Trúc, 128m2, 3PN căn góc, nội thất ban công Đông Nam",Giá thỏa thuận,128 m²,N/A,3,3,"Giảng Võ, Ba Đình","21.0288105010986, 105.82356262207"
42347556,06/03/2025,"Giá rẻ nhất Đội Cấn, CHCC 72m2, 2PN, 2WC tại 195 Đội Cấn, Ba Đình","5,5 tỷ",72 m²,"76,39 tr/m²",2,2,"Đội Cấn, Ba Đình","21.0349131195584, 105.825383881077"
39436151,06/03/2025,"Quỹ căn Penhouse,duplex,4n,3n,2n,1n giá tốt ở Metropolis (cập nhật tháng 3/2025) LH 0961 899 ***","7,5 tỷ",50 m²,150 tr/m²,1,1,"Ngọc Khánh, Ba Đình","21.032386921045539, 105.81688114859405"
42331002,06/03/2025,"Bán CH 80m2, 5,75 tỷ, 2PN, 2WC, Đội Cấn, Ba Đình, Hà Nội, giá tốt, chính chủ","5,75 tỷ",80 m²,"71,88 tr/m²",2,2,"Đội Cấn, Ba Đình","21.0348235264468, 105.825358703423"
41798366,06/03/2025,"Bán gấp căn hộ 3PN 2WC tại 29 Láng Hạ, Ba Đình, 3 PN 106m2 - Vip xuất sắc",Giá thỏa thuận,106 m²,N/A,3,2,"Thành Công, Ba Đình","21.0206998810566, 105.818996770257"
41446923,06/03/2025,"Tôi cần bán gấp căn hộ cao cấp tại Lancaster 20 Núi Trúc, 116m2, 3PN, ban công rộng",Giá thỏa thuận,116 m²,N/A,3,2,"Giảng Võ, Ba Đình","21.028810501098633, 105.82356262207031"
42117728,06/03/2025,"Bán CC 3PN, 2WC giá cực chất tại Vinhomes Metropolis - Liễu Giai, 110m2, Ba Đình, HN",20 tỷ,110 m²,"181,82 tr/m²",3,2,"Ngọc Khánh, Ba Đình","21.033428091384412, 105.81657454603535"
42332000,06/03/2025,Sở hữu ngay căn hộ Vinhomes Metropolis Liễu Giai với giá siêu ưu đãi do chủ nhà cần bán gấp,9 tỷ,75 m²,120 tr/m²,2,2,"Ngọc Khánh, Ba Đình","21.03300974228012, 105.8165431278404"
39355393,06/03/2025,Độc quyền-phân phối quỹ căn hộ Lancaster 20 Núi Trúc đẹp nhất dự án giá rẻ và chính chủ (T2/2025),Giá thỏa thuận,125 m²,N/A,3,3,"Giảng Võ, Ba Đình","21.0288105010986, 105.82356262207"
42291011,06/03/2025,"Căn hộ đẳng cấp tìm mãi không ra quận Ba Đình, đến ngay The Nelson 29 Láng Hạ CK 2.5% HTLS 12 tháng","13,25 tỷ",106 m²,125 tr/m²,3,2,"Thành Công, Ba Đình","21.0208441637038, 105.818912913153"
42216388,06/03/2025,"Chủ nhà thiện chí gửi bán căn hộ Vinhomes Metropolis 80m2 2 ngủ 2WC, full đồ xem nhà 24/7",11 tỷ,80 m²,"137,5 tr/m²",2,2,"Ngọc Khánh, Ba Đình","21.0333565222134, 105.816777698172"
41825534,06/03/2025,"Bán căn hộ 2PN tại Vinhomes Metropolis, 13,1 tỷ, 80m2 view đẹp","13,1 tỷ",80 m²,"163,75 tr/m²",2,2,"Ngọc Khánh, Ba Đình","21.032877797875503, 105.81682853379364"
42005093,06/03/2025,"Căn penthouse hoa hậu Aqua Central 44 Yên Phụ, Ba Đình, HN đẹp nhất dự án giá 105 tỷ. LH 0933 218 ***",105 tỷ,500 m²,210 tr/m²,4,4,"Trúc Bạch, Ba Đình","21.045072216088993, 105.84499402001407"
42353228,06/03/2025,Bán Vinhomes Metroposlis 3PN căn góc tòa M3 view thoáng nội thất siêu đẹp (VIP),Giá thỏa thuận,120 m²,N/A,3,2,"Ngọc Khánh, Ba Đình","21.033531498512897, 105.81598610717356"
40435742,06/03/2025,"Cần bán gấp căn hộ Platinum Residences 6 Nguyễn Công Hoan 108m2, 2 ngủ, giá bán 9 tỷ.LH: 0982 914 ***",9 tỷ,108 m²,"83,33 tr/m²",2,2,"Ngọc Khánh, Ba Đình","21.0270671844482, 105.817451477051"
42011212,06/03/2025,"BÁN CĂN HỘ CAO CẤP VINHOMES METROPOLIS VỚI MỨC GIÁ CỰC TỐT, NỘI THẤT CAO CẤP, SỔ ĐỎ SẴN GIAO DỊCH","11,99 tỷ",75 m²,"159,87 tr/m²",2,2,"Ngọc Khánh, Ba Đình","21.033155927681527, 105.81667779403641"
26643652,06/03/2025,"(Giá chuẩn) cần bán nhanh Vinhomes Metropolis dt 120m2 toà M2, 3PN 2VS căn góc view Hồ Ngọc Khánh","22,6 tỷ","120,2 m²","188,02 tr/m²",3,2,"Ngọc Khánh, Ba Đình","21.0317993164063, 105.814193725586"
42094695,06/03/2025,Gia đình em cần bán nhanh căn hộ 2PN tại Vinhomes Metropolis Liễu Giai giá 9.1 tỷ full nội thất,"9,1 tỷ",76 m²,"119,74 tr/m²",2,2,"Ngọc Khánh, Ba Đình","21.033341374915242, 105.81637316372426"
41720372,06/03/2025,Bán gấp căn hộ 3PN full nội thất xịn chung cư Aqua Yên Phụ. Liên hệ 0942 033 ***,14 tỷ,120 m²,"116,67 tr/m²",3,2,"Trúc Bạch, Ba Đình","21.044471740722656, 105.84562683105469"
40177171,06/03/2025,"Bán căn penthouse tại Aqua Central 44 Yên Phụ, DT 500m2, thông tầng 4 - 5PN, nội thất nhập khẩu",Giá thỏa thuận,500 m²,N/A,4,4,"Trúc Bạch, Ba Đình","21.044472, 105.84563"
41606834,06/03/2025,"Bán căn hộ chung cư tại Grandeur Palace Giảng Võ, giá thỏa thuận, 154m2, 3PN. Liên hệ 0942 033 ***",Giá thỏa thuận,154 m²,N/A,3,3,"Kim Mã, Ba Đình","21.0287971496582, 105.825675964355"
42352556,06/03/2025,Cần bán căn tập thể Kim Mã - Ba Đình. Diện tích sử dụng 65m2,"2,98 tỷ",65 m²,"45,85 tr/m²",2,2,"Ngọc Khánh, Ba Đình","21.0293619338471, 105.809794582449"
41796974,06/03/2025,"Bán gấp căn hộ The Nelson Private Residences, 119 triệu/m2, 106m2, 3PN, 2WC tại Láng Hạ, Hà Nội","12,61 tỷ",106 m²,119 tr/m²,3,2,"Thành Công, Ba Đình","21.0205957574202, 105.819921242031"
41827463,06/03/2025,Chủ nhà thiện chí bán căn hộ 3 phòng ngủ giá tốt tại chung cư Aqua Central Yên Phụ. Lh: 0906 244 ***,Giá thỏa thuận,120 m²,N/A,3,2,"Trúc Bạch, Ba Đình","21.0444717407227, 105.845626831055"
42352010,06/03/2025,"Cần Bán Căn Hộ 2 Ngủ Tại Tòa The Nelson  An Cư Lý Tưởng, Tiện Ích Hoàn Hảo!","10,91 tỷ","87,1 m²","125,3 tr/m²",2,2,"Thành Công, Ba Đình","21.021413461445295, 105.8185038537995"
41694861,06/03/2025,"Bán gấp căn hộ chung cư Hà Nội Aqua Central 44 Yên Phụ, 120m2, 3PN, đủ đồ xịn, 13.6 tỉ. 0963 668 ***","13,6 tỷ",120 m²,"113,33 tr/m²",3,2,"Trúc Bạch, Ba Đình","21.0444717407227, 105.845626831055"
32639133,06/03/2025,"PKD CĐT cập nhật quỹ căn VIP tại Diamond Park 16 Láng Hạ, suất ngoại giao 1PN-3PN. Giá tốt-đã có sổ","5,9 tỷ",56 m²,"105,36 tr/m²",1,1,"Thành Công, Ba Đình","21.019416809082, 105.816879272461"
42351988,06/03/2025,"Bán gấp căn hộ chung cư cao cấp Grandeur Palace - 138B Giảng Võ, 153m2, 3PN, ban công Đông Nam, đẹp",Giá thỏa thuận,78 m²,N/A,3,3,"Kim Mã, Ba Đình","21.0287971496582, 105.825675964355"
38749763,06/03/2025,"Chính chủ gửi bán căn hộ 1PN, DT 57m2, giá 9 tỷ LH: 0987 709 *** Mr Hùng",9 tỷ,57 m²,"157,9 tr/m²",1,1,"Ngọc Khánh, Ba Đình","21.033269882202148, 105.81670379638672"
38871819,06/03/2025,"Quỹ căn 2 phòng ngủ VHM Metropolis cần bán, giá rẻ, LH xem nhà: 0982 040 *** Mr Hùng","11,8 tỷ",85 m²,"138,82 tr/m²",2,2,"Ngọc Khánh, Ba Đình","21.0332698822021, 105.816703796387"
38861406,06/03/2025,"Quỹ căn 3 phòng ngủ Vinhomes Metropolis cần bán gấp, full nội thất, view Hồ Tây, LH: 0982 040 ***","17,8 tỷ",115 m²,"154,78 tr/m²",3,2,"Ngọc Khánh, Ba Đình","21.033269882202148, 105.81670379638672"
38803091,06/03/2025,"Chính chủ gửi bán căn 4 phòng ngủ, DT 146m2, view hồ Tây, LH: Mr Hùng 0987 709 ***",26 tỷ,146 m²,"178,08 tr/m²",4,3,"Ngọc Khánh, Ba Đình","21.0332698822021, 105.816703796387"
41748553,06/03/2025,"Chuyên căn hộ 16 Láng Hạ, Ba Đình, Hà Nội. Liên hệ Ms. Thảo: 0962 317 ***","21,7 tỷ",125 m²,"173,6 tr/m²",3,2,"Thành Công, Ba Đình","21.018978, 105.81591"
36021433,06/03/2025,"Bán căn 3PN diện tích 115m2, giá 18 tỷ",18 tỷ,115 m²,"156,52 tr/m²",3,2,"Ngọc Khánh, Ba Đình","21.0332698822021, 105.816703796387"
36213694,06/03/2025,Căn hộ 55m2; tòa M1 giá 8 tỷ (0913 809 ***) tầng 35,8 tỷ,55 m²,"145,46 tr/m²",1,1,"Ngọc Khánh, Ba Đình","21.0332698822021, 105.816703796387"
36160236,06/03/2025,Cần bán: Căn hộ 110m2 căn góc mã 08 tòa M1,"16,7 tỷ",110 m²,"151,82 tr/m²",3,2,"Ngọc Khánh, Ba Đình","21.0332698822021, 105.816703796387"
36256283,06/03/2025,Căn hộ 146m2 tại tòa M3 Đông Nam mã căn 10 giá 25 tỷ,25 tỷ,146 m²,"171,23 tr/m²",4,3,"Ngọc Khánh, Ba Đình","21.0332698822021, 105.816703796387"
40181831,06/03/2025,"Bán căn 3PN diện tích 115m2, giá 17.6 tỷ","17,6 tỷ",115 m²,"153,04 tr/m²",3,2,"Ngọc Khánh, Ba Đình","21.0332698822021, 105.816703796387"
42351288,06/03/2025,Chung cư Vvip siêu Hot toạ lạc tại Giảng Võ DT 116m2 3 ngủ 12.9 Tỷ,"12,9 tỷ",116 m²,"111,21 tr/m²",3,N/A,"Giảng Võ, Ba Đình","21.0297504229715, 105.823559669748"
36407807,06/03/2025,Tôi cần bán căn góc 120m2 nhà M3,23 tỷ,120 m²,"191,67 tr/m²",3,2,"Ngọc Khánh, Ba Đình","21.0332698822021, 105.816703796387"
36213833,06/03/2025,"Bán căn hộ 11A tòa M3, DT 115m2","19,5 tỷ",115 m²,"169,56 tr/m²",3,2,"Ngọc Khánh, Ba Đình","21.0332698822021, 105.816703796387"
41592412,06/03/2025,Bán căn hộ số 195 Đội Cấn diện tích 72m2 thông thủy giá giảm mạnh 5.25 tỷ,"5,25 tỷ",72 m²,"72,92 tr/m²",2,2,"Đội Cấn, Ba Đình","21.035255374311, 105.82550486491"
39908786,06/03/2025,"Chỉ 2,2 tỷ sở hữu căn hộ 1 ngủ 57m2 full đồ view Đông Bắc 16 Láng Hạ. Làm sổ đỏ ngay. Có slot oto","6,4 tỷ","57,1 m²","112,08 tr/m²",1,1,"Thành Công, Ba Đình","21.019416809082, 105.816879272461"
42009943,06/03/2025,"Bán nhanh CHCC The Lancaster 20 Núi Trúc, Ba Đình, 120m2, 3PN full đồ, 0983 951 ***",Giá thỏa thuận,120 m²,N/A,3,2,"Giảng Võ, Ba Đình","21.02918900267576, 105.82375054048237"
41797289,06/03/2025,"Bán CC The Nelson Private Residences, Láng Hạ, Ba Đình, Hà Nội, giá thỏa thuận, 83m2, 2PN, 2WC, Hot",Giá thỏa thuận,83 m²,N/A,2,2,"Thành Công, Ba Đình","21.0203442139842, 105.818111080822"
40842214,06/03/2025,Bán nhanh căn hộ số 6 Đội Nhân 60m2 2n tầng cao giá chỉ 4 tỷ có gia lộc. LH: 0978 723 ***,4 tỷ,60 m²,"66,67 tr/m²",2,1,"Vĩnh Phúc, Ba Đình","21.041636, 105.811874"
42326169,06/03/2025,"Bán căn hộ 76m2, 2PN, full đồ cao cấp, BC Đông Nam, tại Metropolis - Liễu Giai. Giá bán 11,9 tỷ","11,9 tỷ",76 m²,"156,58 tr/m²",2,2,"Ngọc Khánh, Ba Đình","21.033810528336247, 105.81648901306288"
42265008,06/03/2025,Nhượng căn ngoại giao 2 phòng ngủ tầng cao Vip giá 12 tỉ rẻ hơn so với thị trường,12 tỷ,"87,5 m²","137,14 tr/m²",2,N/A,"Thành Công, Ba Đình","21.0211163735718, 105.818228610216"
42295775,06/03/2025,"Bán Căn hộ chung cư tại The Nelson Private Residences, (87,1 m2) trục đẹp giá tốt","11,34 tỷ","87,1 m²","130,2 tr/m²",2,2,"Thành Công, Ba Đình","21.020707514043856, 105.81896044544744"
42167897,06/03/2025,"Bán tập thể Giảng Võ - Ngọc Khánh, Ba Đình, nhà đẹp - phố VIP, 3 ngủ đẹp, ô tô đỗ chân toà","3,95 tỷ",80 m²,"49,38 tr/m²",3,2,"Ngọc Khánh, Ba Đình","21.0290370163132, 105.812950818418"
42329135,06/03/2025,"Hot! Bán tập thể Giảng Võ, Ba Đình, 80m2, 3 ngủ, ô tô đỗ chân toà, sổ to 45m2","4,5 tỷ",80 m²,"56,25 tr/m²",3,1,"Giảng Võ, Ba Đình","21.0257492294558, 105.823371786058"
42206584,06/03/2025,Suất ngoại giao căn 3 ngủ hoa hậu view toàn bộ hồ Hoàng Cầu HOT nhất The Nelson 29 Láng Hạ,Giá thỏa thuận,106 m²,N/A,3,N/A,"Thành Công, Ba Đình","21.0207357737184, 105.818958352233"
41788190,06/03/2025,"Nhanh tay sở hữu căn hộ cao cấp tại The Nelson Private Residences Láng Hạ, Ba Đình, Hà Nội","12,72 tỷ",106 m²,120 tr/m²,3,2,"Thành Công, Ba Đình","21.0210825846511, 105.818615702727"
42349768,06/03/2025,"Bán căn 2pn M1 diện tích 75m2 giá bán 12,5 tỷ full nội thất. LH: 0933 218 ***","12,5 tỷ",77 m²,"162,34 tr/m²",2,2,"Ngọc Khánh, Ba Đình","21.033289823064017, 105.81688639062929"
41787918,06/03/2025,"CC 2PN, 83m2 tại The Nelson Private Residences, 120 triệu / m2, Ba Đình, HN","9,96 tỷ",83 m²,120 tr/m²,2,2,"Thành Công, Ba Đình","21.0204943354886, 105.819589187899"
41608584,06/03/2025,"Bán căn 120m2, view thoáng tại chung cư Aqua Central - 44 Yên Phụ. Giá chỉ 14 tỷ. Lh: 0906 244 ***",14 tỷ,120 m²,"116,67 tr/m²",3,2,"Trúc Bạch, Ba Đình","21.0444717407227, 105.845626831055"
36251452,06/03/2025,(Giá chuẩn) Bán căn hộ Skyvila 2 tầng siêu Vip Penthouse Duplex Vinhomes Metropolis 365m2,79 tỷ,365 m²,"216,44 tr/m²",5,N/A,"Ngọc Khánh, Ba Đình","21.0332698822021, 105.816703796387"
41590503,06/03/2025,"Bán căn hộ chung cư tại Vinhomes Metropolis - Liễu Giai, giá 80 tỷ vnd, diện tích 337m2",80 tỷ,337 m²,"237,39 tr/m²",6,4,"Ngọc Khánh, Ba Đình","21.033269882202148, 105.81670379638672"
42349855,06/03/2025,"Bán gấp ch cao cấp tại The Lancaster - 20 Núi Trúc, 139m2, 3PN, BC Đông Nam liên hệ: 0975 864 ***",Giá thỏa thuận,139 m²,N/A,3,3,"Giảng Võ, Ba Đình","21.0291962438791, 105.823839857823"
40873011,06/03/2025,"Bán căn hộ hoa hậu tòa Aqua Central diện tích 120m2, 3 phòng ngủ, 2 vệ sinh, đồ cơ bản, giá bán tốt",Giá thỏa thuận,120 m²,N/A,3,2,"Trúc Bạch, Ba Đình","21.044472, 105.84563"
41787124,06/03/2025,Bán căn hộ hạng sang quận Ba Đình giá từ 120tr/m2 full nội thất cao cấp - 3PN sổ đỏ lâu dài,"12,82 tỷ","106,8 m²",120 tr/m²,3,2,"Thành Công, Ba Đình","21.0211170691138, 105.818993356103"
42334712,06/03/2025,"(Mới) cập nhật những căn hộ đang giao bán tại Metropolis. 103m2, 110m2, 135m2, 340m2",14 tỷ,110 m²,"127,27 tr/m²",3,2,"Ngọc Khánh, Ba Đình","21.03315737033192, 105.81591486290247"
41446147,06/03/2025,"Bán gấp căn hộ vip tòa Lancaster Hà Nội, 140m2, 3PN, ban công Đông Nam",Giá thỏa thuận,140 m²,N/A,3,3,"Giảng Võ, Ba Đình","21.0288105010986, 105.82356262207"
42348597,06/03/2025,Chính chủ cần bán TT Kim Mã - Ba Đình - 65m2 - 2 ngủ - 3 tỷ - oto đỗ cửa - sổ đỏ đẹp,3 tỷ,65 m²,"46,15 tr/m²",2,2,"Kim Mã, Ba Đình","21.0319012939477, 105.824988385362"
38086045,06/03/2025,"Bán căn penthouse Aqua Central diện tích 470m2, 5PN, BC Bắc. Giá thoả thuận. LH 0906 244 ***",Giá thỏa thuận,470 m²,N/A,5,4,"Trúc Bạch, Ba Đình","21.044471740722656, 105.84562683105469"
41992830,06/03/2025,"Nhà tôi cần bán nhanh căn 3PN tại CC Landcaster Núi Trúc, giá 8.2 tỷ, full nội thất có slot ô tô","8,2 tỷ",121 m²,"67,77 tr/m²",3,2,"Giảng Võ, Ba Đình","21.028837858186876, 105.82390918836722"
42220719,06/03/2025,"Bán gấp căn hộ chung cư số 06 Đội Nhân, 60 m2, 2PN, đủ đồ, tầng cao, view đẹp, 3.8 tỉ. 0963 668 ***","3,8 tỷ",60 m²,"63,33 tr/m²",2,1,"Vĩnh Phúc, Ba Đình","21.0412814030859, 105.811493845274"
41597043,06/03/2025,"Bán gấp căn hộ chung cư 671 Hoàng Hoa Thám 95m2, 3PN, tầng cao, view hồ Tây, 6.5 tỉ. Lh: 0963 668 ***","6,5 tỷ",95 m²,"68,42 tr/m²",3,2,"Liễu Giai, Ba Đình","21.0470561981201, 105.807746887207"
42291424,06/03/2025,"Bán gấp căn hộ Duplex chung cư 671 Hoàng Hoa Thám 245m2, 3PN, 100m2 sân, view hồ Tây. 0963 668 ***",Giá thỏa thuận,245 m²,N/A,3,2,"Liễu Giai, Ba Đình","21.046516667991394, 105.80751276857377"
41612058,06/03/2025,"Bán căn hộ chung cư tại 671 Hoàng Hoa Thám, giá 7 tỷ vnd, diện tích 110m2",7 tỷ,110 m²,"63,64 tr/m²",3,2,"Liễu Giai, Ba Đình","21.0470561981201, 105.807746887207"
42280492,06/03/2025,"Bán CC 2PN, 2WC, giá tốt tại Hoàng Hoa Thám, Liễu Giai, Ba Đình, Hà Nội, 10,5 tỷ, 113m2","10,5 tỷ",113 m²,"92,92 tr/m²",2,2,"Liễu Giai, Ba Đình","21.046697693946125, 105.80812397509733"
38543622,06/03/2025,"Tôi cần bán CHCC 93m2 3PN full nội thất xịn chung cư 671 Hoàng Hoa Thám giá 6.5 tỷ, LH 0978 723 ***","6,5 tỷ",93 m²,"69,89 tr/m²",3,2,"Liễu Giai, Ba Đình","21.0470561981201, 105.807746887207"
41776561,06/03/2025,"Bán căn hộ cao cấp The Lancaster - 20 Núi Trúc, 145m2, 3 PN, 3 WC, căn góc View Hồ. LH: 0982 914 ***",Giá thỏa thuận,145 m²,N/A,3,3,"Giảng Võ, Ba Đình","21.02894886994001, 105.82348539683659"
42185847,06/03/2025,"Bán căn hộ chung cư toà Newtatco Ba Đình ,Hà Nội 72m2 , thiết kế 2 ngủ , 1 vệ sinh",Giá thỏa thuận,72 m²,N/A,2,1,"Vĩnh Phúc, Ba Đình","21.0425037887895, 105.80793116243"
41550357,28/02/2025,"Hot Quỹ căn nội bộ - tải bảng giá niêm yết chủ đầu tư, vay lãi suất 0%,ck 2,5% căn hộ TT Láng Hạ",Giá thỏa thuận,106 m²,N/A,3,2,·,"21.020743643055578, 105.8188696928301"
41694673,27/02/2025,"Hot hàng hiếm 10 suất ngoại giao bảng hàng cực hot, lãi suất 0% trong 6 tháng, căn hộ TT Láng Hạ",Giá thỏa thuận,83 m²,N/A,2,2,·,"21.020708, 105.81897"
42084659,03/03/2025,HOT! Quỹ căn ngoại giao đẹp nhất tầng 16 đến 27 (Penhouse) DA The Nelson giá tốt nhất thị trường,Giá thỏa thuận,"106,1 m²",N/A,3,N/A,"Thành Công, Ba Đình","21.020790495114, 105.819169031891"
41960567,03/03/2025,"Chính chủ bán căn hộ DTSD 110m2 tầng 3, 5.7tỷ SĐCC TT Ban TC Trung Ương ngõ 195 Đội Cấn, Ba Đình HN","5,7 tỷ",110 m²,"51,82 tr/m²",4,2,"Đội Cấn, Ba Đình","21.0349663185301, 105.825329822471"
42299647,28/02/2025,Chính chủ bán căn hộ tầng 5 khu tập thể ngân hàng Trung Ương - Ba Đình,"3,7 tỷ",33 m²,"112,12 tr/m²",N/A,N/A,"Trúc Bạch, Ba Đình","21.045211790372, 105.84270728448"
41121730,28/02/2025,Giá tốt (135tr/m2): Quỹ căn Vinhomes Metropolis ngày 28/2: SDT 0913 809 ***,"24,5 tỷ",146 m²,"167,81 tr/m²",4,3,"Ngọc Khánh, Ba Đình","21.0332005934552, 105.817575333658"
41924361,28/02/2025,"Quỹ căn nội bộ The Nelson tầng đẹp giá niêm yết, chiết khấu cao nhất cho quý khách trong tháng 3",Giá thỏa thuận,106 m²,N/A,3,N/A,"Thành Công, Ba Đình","21.019845115245868, 105.8191921901466"
42025902,26/02/2025,"Bán căn hộ 1PN + 1 nhà TT Đào Tấn, Linh Lang, Ba Đình. DT 50m2 full NT, sổ đỏ chính chủ. Giá 2,9 tỷ","2,9 tỷ",50 m²,58 tr/m²,1,1,"Cống Vị, Ba Đình","21.0327771945018, 105.808879840363"
42075911,06/03/2025,"Quỹ căn cần bán gấp Vinhomes Metropolis 1PN, 2PN, 3PN, 4PN, giá tốt, xem nhà 24/7, LH 0987 709 ***",23 tỷ,146 m²,"157,53 tr/m²",4,3,"Ngọc Khánh, Ba Đình","21.033822161915502, 105.81743346592488"
42352224,06/03/2025,"CHỦ NHÀ ĐI MỸ BÁN GẤP CĂN HỘ LÁNG HẠ VIEW 3 HỒ GIẢNG VÕ, THÀNH CÔNG, HOÀNG CẦU,DT:106M2 GIÁ 13 TỶ",13 tỷ,106 m²,"122,64 tr/m²",3,2,"Thành Công, Ba Đình","21.0209727702924, 105.818377337798"
42010652,06/03/2025,"Căn 2PN view hồ Hoàng Cầu rất hiếm TT quận Ba Đình 29 Láng Hạ, CK 2,5% trực tiếp CĐT bàn giao 2025",11 tỷ,87 m²,"126,44 tr/m²",2,2,"Thành Công, Ba Đình","21.0207612457492, 105.819213664196"
40396592,05/03/2025,Quỹ căn hộ cần chuyển nhượng giá tốt nhất - gọi xem nhà ngay hôm nay. Hotline 0989 138 ***,"20,5 tỷ",115 m²,"178,26 tr/m²",3,2,"Ngọc Khánh, Ba Đình","21.0325841306725, 105.816345465811"
42341061,05/03/2025,Chính chủ bán căn 3PN dự án Diamond Park Plaza Láng Hạ. Căn tầng 8 view trực diện hồ Thành Công,19 tỷ,"124,9 m²","152,12 tr/m²",3,2,"Thành Công, Ba Đình","21.019121152916778, 105.81585158668751"
40684077,05/03/2025,Metropolis căn 139 tr/m2 cần bán (05/03/2025) SDT 0913 809 ***,"17,6 tỷ",115 m²,"153,04 tr/m²",3,2,"Ngọc Khánh, Ba Đình","21.03393170376466, 105.81733516020357"
42329392,04/03/2025,"Chỉ từ 8.8 tỷ sở hữu ngay căn hộ đẳng cấp tại Metrolpolis, sổ đỏ sẵn giao dịch, nội thất cao cấp","8,8 tỷ",68 m²,"129,41 tr/m²",2,2,"Ngọc Khánh, Ba Đình","21.033525194842817, 105.8167138888276"
42315190,03/03/2025,Chính chủ bán căn chung cư vị trí vip Ba Đình - 146m2 x 3 ngủ,"9,5 tỷ",146 m²,"65,07 tr/m²",3,2,"Vĩnh Phúc, Ba Đình","21.0423161892545, 105.814316425837"
37349831,01/03/2025,"Quỹ căn cần bán gấp Vinhomes Metropolis từ 1PN đến 4PN, xem nhà 24/7, giá tốt nhất thị trường",26 tỷ,146 m²,"178,08 tr/m²",4,3,"Ngọc Khánh, Ba Đình","21.0332698822021, 105.816703796387"
42296130,28/02/2025,"Chung cư siêu Víp Vinhomes Metropolis 29 Liễu Giai, DT: 143m2, giá 29,75 tỷ","29,75 tỷ",143 m²,"208,04 tr/m²",4,3,"Ngọc Khánh, Ba Đình","21.032977616703967, 105.81621514677163"
37236015,26/02/2025,"Bán gấp CH duplex chung cư Platinum số 6 Nguyễn Công Hoan, 256m2, 3PN + 1 giá 19.5 tỷ",19 tỷ,256 m²,"74,22 tr/m²",4,3,"Ngọc Khánh, Ba Đình","21.0270671844482, 105.817451477051"
39496587,25/02/2025,"Bán chuyển nhượng căn hộ 2PN DT 77.5m2 tầng cao DA Grandeur Palace Giảng Võ, full đồ, sổ đỏ",Giá thỏa thuận,"77,5 m²",N/A,2,2,"Kim Mã, Ba Đình","21.028797149658203, 105.82567596435547"
42241775,22/02/2025,Chính chủ cần bán căn góc view hồ Giảng Võ đẹp nhất Lancaster,13 tỷ,116 m²,"112,07 tr/m²",3,2,"Giảng Võ, Ba Đình","21.0287091821769, 105.823889917322"
42214129,20/02/2025,Mở bán căn hộ cao cấp Discovery Central - Chìa khóa trao tay,16 tỷ,"117,8 m²","135,82 tr/m²",3,2,"Điện Biên, Ba Đình","21.032202554863286, 105.83097785438893"
41581681,07/03/2025,Suất ngoại giao siêu hiếm tại chung cư The Nelson Private Residences - 29 Láng Hạ,"10,79 tỷ",83 m²,130 tr/m²,2,2,"Thành Công, Ba Đình","21.0230606003067, 105.819762399081"
42206935,06/03/2025,Bán TT ban đối ngoại TW Kim Mã - Ba Đình - 3tỷ,3 tỷ,65 m²,"46,15 tr/m²",2,2,"Kim Mã, Ba Đình","21.0321054408069, 105.824977256603"
42355682,06/03/2025,"Bán căn tập thể khu 7,2ha Vĩnh Phúc, Ba Đình diện tích sổ đỏ: 58 m2, dtsd 80m ( giá 4.35 tỷ )","4,35 tỷ",80 m²,"54,38 tr/m²",3,2,"Vĩnh Phúc, Ba Đình","21.0441809441075, 105.810573304928"
42225152,06/03/2025,Chính chủ gửi bán tập thể A4 Giảng Võ sử dụng 100m2,"3,75 tỷ",100 m²,"37,5 tr/m²",3,2,"Giảng Võ, Ba Đình","21.025451020911, 105.818663105677"
38990119,06/03/2025,"Bán gấp căn hộ chung cư The Lancaster 20 Núi Trúc, 128m2, 3PN căn góc, nội thất ban công Đông Nam",Giá thỏa thuận,128 m²,N/A,3,3,"Giảng Võ, Ba Đình","21.0288105010986, 105.82356262207"
42347556,06/03/2025,"Giá rẻ nhất Đội Cấn, CHCC 72m2, 2PN, 2WC tại 195 Đội Cấn, Ba Đình","5,5 tỷ",72 m²,"76,39 tr/m²",2,2,"Đội Cấn, Ba Đình","21.0349131195584, 105.825383881077"
39436151,06/03/2025,"Quỹ căn Penhouse,duplex,4n,3n,2n,1n giá tốt ở Metropolis (cập nhật tháng 3/2025) LH 0961 899 ***","7,5 tỷ",50 m²,150 tr/m²,1,1,"Ngọc Khánh, Ba Đình","21.032386921045539, 105.81688114859405"
42331002,06/03/2025,"Bán CH 80m2, 5,75 tỷ, 2PN, 2WC, Đội Cấn, Ba Đình, Hà Nội, giá tốt, chính chủ","5,75 tỷ",80 m²,"71,88 tr/m²",2,2,"Đội Cấn, Ba Đình","21.0348235264468, 105.825358703423"
41798366,06/03/2025,"Bán gấp căn hộ 3PN 2WC tại 29 Láng Hạ, Ba Đình, 3 PN 106m2 - Vip xuất sắc",Giá thỏa thuận,106 m²,N/A,3,2,"Thành Công, Ba Đình","21.0206998810566, 105.818996770257"
41446923,06/03/2025,"Tôi cần bán gấp căn hộ cao cấp tại Lancaster 20 Núi Trúc, 116m2, 3PN, ban công rộng",Giá thỏa thuận,116 m²,N/A,3,2,"Giảng Võ, Ba Đình","21.028810501098633, 105.82356262207031"
42117728,06/03/2025,"Bán CC 3PN, 2WC giá cực chất tại Vinhomes Metropolis - Liễu Giai, 110m2, Ba Đình, HN",20 tỷ,110 m²,"181,82 tr/m²",3,2,"Ngọc Khánh, Ba Đình","21.033428091384412, 105.81657454603535"
42332000,06/03/2025,Sở hữu ngay căn hộ Vinhomes Metropolis Liễu Giai với giá siêu ưu đãi do chủ nhà cần bán gấp,9 tỷ,75 m²,120 tr/m²,2,2,"Ngọc Khánh, Ba Đình","21.03300974228012, 105.8165431278404"
39355393,06/03/2025,Độc quyền-phân phối quỹ căn hộ Lancaster 20 Núi Trúc đẹp nhất dự án giá rẻ và chính chủ (T2/2025),Giá thỏa thuận,125 m²,N/A,3,3,"Giảng Võ, Ba Đình","21.0288105010986, 105.82356262207"
42291011,06/03/2025,"Căn hộ đẳng cấp tìm mãi không ra quận Ba Đình, đến ngay The Nelson 29 Láng Hạ CK 2.5% HTLS 12 tháng","13,25 tỷ",106 m²,125 tr/m²,3,2,"Thành Công, Ba Đình","21.0208441637038, 105.818912913153"
42216388,06/03/2025,"Chủ nhà thiện chí gửi bán căn hộ Vinhomes Metropolis 80m2 2 ngủ 2WC, full đồ xem nhà 24/7",11 tỷ,80 m²,"137,5 tr/m²",2,2,"Ngọc Khánh, Ba Đình","21.0333565222134, 105.816777698172"
41825534,06/03/2025,"Bán căn hộ 2PN tại Vinhomes Metropolis, 13,1 tỷ, 80m2 view đẹp","13,1 tỷ",80 m²,"163,75 tr/m²",2,2,"Ngọc Khánh, Ba Đình","21.032877797875503, 105.81682853379364"
42005093,06/03/2025,"Căn penthouse hoa hậu Aqua Central 44 Yên Phụ, Ba Đình, HN đẹp nhất dự án giá 105 tỷ. LH 0933 218 ***",105 tỷ,500 m²,210 tr/m²,4,4,"Trúc Bạch, Ba Đình","21.045072216088993, 105.84499402001407"
42353228,06/03/2025,Bán Vinhomes Metroposlis 3PN căn góc tòa M3 view thoáng nội thất siêu đẹp (VIP),Giá thỏa thuận,120 m²,N/A,3,2,"Ngọc Khánh, Ba Đình","21.033531498512897, 105.81598610717356"
40435742,06/03/2025,"Cần bán gấp căn hộ Platinum Residences 6 Nguyễn Công Hoan 108m2, 2 ngủ, giá bán 9 tỷ.LH: 0982 914 ***",9 tỷ,108 m²,"83,33 tr/m²",2,2,"Ngọc Khánh, Ba Đình","21.0270671844482, 105.817451477051"
42011212,06/03/2025,"BÁN CĂN HỘ CAO CẤP VINHOMES METROPOLIS VỚI MỨC GIÁ CỰC TỐT, NỘI THẤT CAO CẤP, SỔ ĐỎ SẴN GIAO DỊCH","11,99 tỷ",75 m²,"159,87 tr/m²",2,2,"Ngọc Khánh, Ba Đình","21.033155927681527, 105.81667779403641"
26643652,06/03/2025,"(Giá chuẩn) cần bán nhanh Vinhomes Metropolis dt 120m2 toà M2, 3PN 2VS căn góc view Hồ Ngọc Khánh","22,6 tỷ","120,2 m²","188,02 tr/m²",3,2,"Ngọc Khánh, Ba Đình","21.0317993164063, 105.814193725586"
42094695,06/03/2025,Gia đình em cần bán nhanh căn hộ 2PN tại Vinhomes Metropolis Liễu Giai giá 9.1 tỷ full nội thất,"9,1 tỷ",76 m²,"119,74 tr/m²",2,2,"Ngọc Khánh, Ba Đình","21.033341374915242, 105.81637316372426"
41720372,06/03/2025,Bán gấp căn hộ 3PN full nội thất xịn chung cư Aqua Yên Phụ. Liên hệ 0942 033 ***,14 tỷ,120 m²,"116,67 tr/m²",3,2,"Trúc Bạch, Ba Đình","21.044471740722656, 105.84562683105469"
40177171,06/03/2025,"Bán căn penthouse tại Aqua Central 44 Yên Phụ, DT 500m2, thông tầng 4 - 5PN, nội thất nhập khẩu",Giá thỏa thuận,500 m²,N/A,4,4,"Trúc Bạch, Ba Đình","21.044472, 105.84563"
41606834,06/03/2025,"Bán căn hộ chung cư tại Grandeur Palace Giảng Võ, giá thỏa thuận, 154m2, 3PN. Liên hệ 0942 033 ***",Giá thỏa thuận,154 m²,N/A,3,3,"Kim Mã, Ba Đình","21.0287971496582, 105.825675964355"
42352556,06/03/2025,Cần bán căn tập thể Kim Mã - Ba Đình. Diện tích sử dụng 65m2,"2,98 tỷ",65 m²,"45,85 tr/m²",2,2,"Ngọc Khánh, Ba Đình","21.0293619338471, 105.809794582449"
41796974,06/03/2025,"Bán gấp căn hộ The Nelson Private Residences, 119 triệu/m2, 106m2, 3PN, 2WC tại Láng Hạ, Hà Nội","12,61 tỷ",106 m²,119 tr/m²,3,2,"Thành Công, Ba Đình","21.0205957574202, 105.819921242031"
41827463,06/03/2025,Chủ nhà thiện chí bán căn hộ 3 phòng ngủ giá tốt tại chung cư Aqua Central Yên Phụ. Lh: 0906 244 ***,Giá thỏa thuận,120 m²,N/A,3,2,"Trúc Bạch, Ba Đình","21.0444717407227, 105.845626831055"
42352010,06/03/2025,"Cần Bán Căn Hộ 2 Ngủ Tại Tòa The Nelson  An Cư Lý Tưởng, Tiện Ích Hoàn Hảo!","10,91 tỷ","87,1 m²","125,3 tr/m²",2,2,"Thành Công, Ba Đình","21.021413461445295, 105.8185038537995"
41694861,06/03/2025,"Bán gấp căn hộ chung cư Hà Nội Aqua Central 44 Yên Phụ, 120m2, 3PN, đủ đồ xịn, 13.6 tỉ. 0963 668 ***","13,6 tỷ",120 m²,"113,33 tr/m²",3,2,"Trúc Bạch, Ba Đình","21.0444717407227, 105.845626831055"
32639133,06/03/2025,"PKD CĐT cập nhật quỹ căn VIP tại Diamond Park 16 Láng Hạ, suất ngoại giao 1PN-3PN. Giá tốt-đã có sổ","5,9 tỷ",56 m²,"105,36 tr/m²",1,1,"Thành Công, Ba Đình","21.019416809082, 105.816879272461"
42351988,06/03/2025,"Bán gấp căn hộ chung cư cao cấp Grandeur Palace - 138B Giảng Võ, 153m2, 3PN, ban công Đông Nam, đẹp",Giá thỏa thuận,78 m²,N/A,3,3,"Kim Mã, Ba Đình","21.0287971496582, 105.825675964355"
38749763,06/03/2025,"Chính chủ gửi bán căn hộ 1PN, DT 57m2, giá 9 tỷ LH: 0987 709 *** Mr Hùng",9 tỷ,57 m²,"157,9 tr/m²",1,1,"Ngọc Khánh, Ba Đình","21.033269882202148, 105.81670379638672"
38871819,06/03/2025,"Quỹ căn 2 phòng ngủ VHM Metropolis cần bán, giá rẻ, LH xem nhà: 0982 040 *** Mr Hùng","11,8 tỷ",85 m²,"138,82 tr/m²",2,2,"Ngọc Khánh, Ba Đình","21.0332698822021, 105.816703796387"
38861406,06/03/2025,"Quỹ căn 3 phòng ngủ Vinhomes Metropolis cần bán gấp, full nội thất, view Hồ Tây, LH: 0982 040 ***","17,8 tỷ",115 m²,"154,78 tr/m²",3,2,"Ngọc Khánh, Ba Đình","21.033269882202148, 105.81670379638672"
38803091,06/03/2025,"Chính chủ gửi bán căn 4 phòng ngủ, DT 146m2, view hồ Tây, LH: Mr Hùng 0987 709 ***",26 tỷ,146 m²,"178,08 tr/m²",4,3,"Ngọc Khánh, Ba Đình","21.0332698822021, 105.816703796387"
41748553,06/03/2025,"Chuyên căn hộ 16 Láng Hạ, Ba Đình, Hà Nội. Liên hệ Ms. Thảo: 0962 317 ***","21,7 tỷ",125 m²,"173,6 tr/m²",3,2,"Thành Công, Ba Đình","21.018978, 105.81591"
36021433,06/03/2025,"Bán căn 3PN diện tích 115m2, giá 18 tỷ",18 tỷ,115 m²,"156,52 tr/m²",3,2,"Ngọc Khánh, Ba Đình","21.0332698822021, 105.816703796387"
36213694,06/03/2025,Căn hộ 55m2; tòa M1 giá 8 tỷ (0913 809 ***) tầng 35,8 tỷ,55 m²,"145,46 tr/m²",1,1,"Ngọc Khánh, Ba Đình","21.0332698822021, 105.816703796387"
36160236,06/03/2025,Cần bán: Căn hộ 110m2 căn góc mã 08 tòa M1,"16,7 tỷ",110 m²,"151,82 tr/m²",3,2,"Ngọc Khánh, Ba Đình","21.0332698822021, 105.816703796387"
36256283,06/03/2025,Căn hộ 146m2 tại tòa M3 Đông Nam mã căn 10 giá 25 tỷ,25 tỷ,146 m²,"171,23 tr/m²",4,3,"Ngọc Khánh, Ba Đình","21.0332698822021, 105.816703796387"
40181831,06/03/2025,"Bán căn 3PN diện tích 115m2, giá 17.6 tỷ","17,6 tỷ",115 m²,"153,04 tr/m²",3,2,"Ngọc Khánh, Ba Đình","21.0332698822021, 105.816703796387"
42351288,06/03/2025,Chung cư Vvip siêu Hot toạ lạc tại Giảng Võ DT 116m2 3 ngủ 12.9 Tỷ,"12,9 tỷ",116 m²,"111,21 tr/m²",3,N/A,"Giảng Võ, Ba Đình","21.0297504229715, 105.823559669748"
36407807,06/03/2025,Tôi cần bán căn góc 120m2 nhà M3,23 tỷ,120 m²,"191,67 tr/m²",3,2,"Ngọc Khánh, Ba Đình","21.0332698822021, 105.816703796387"
36213833,06/03/2025,"Bán căn hộ 11A tòa M3, DT 115m2","19,5 tỷ",115 m²,"169,56 tr/m²",3,2,"Ngọc Khánh, Ba Đình","21.0332698822021, 105.816703796387"
41592412,06/03/2025,Bán căn hộ số 195 Đội Cấn diện tích 72m2 thông thủy giá giảm mạnh 5.25 tỷ,"5,25 tỷ",72 m²,"72,92 tr/m²",2,2,"Đội Cấn, Ba Đình","21.035255374311, 105.82550486491"
39908786,06/03/2025,"Chỉ 2,2 tỷ sở hữu căn hộ 1 ngủ 57m2 full đồ view Đông Bắc 16 Láng Hạ. Làm sổ đỏ ngay. Có slot oto","6,4 tỷ","57,1 m²","112,08 tr/m²",1,1,"Thành Công, Ba Đình","21.019416809082, 105.816879272461"
42009943,06/03/2025,"Bán nhanh CHCC The Lancaster 20 Núi Trúc, Ba Đình, 120m2, 3PN full đồ, 0983 951 ***",Giá thỏa thuận,120 m²,N/A,3,2,"Giảng Võ, Ba Đình","21.02918900267576, 105.82375054048237"
41797289,06/03/2025,"Bán CC The Nelson Private Residences, Láng Hạ, Ba Đình, Hà Nội, giá thỏa thuận, 83m2, 2PN, 2WC, Hot",Giá thỏa thuận,83 m²,N/A,2,2,"Thành Công, Ba Đình","21.0203442139842, 105.818111080822"
40842214,06/03/2025,Bán nhanh căn hộ số 6 Đội Nhân 60m2 2n tầng cao giá chỉ 4 tỷ có gia lộc. LH: 0978 723 ***,4 tỷ,60 m²,"66,67 tr/m²",2,1,"Vĩnh Phúc, Ba Đình","21.041636, 105.811874"
42326169,06/03/2025,"Bán căn hộ 76m2, 2PN, full đồ cao cấp, BC Đông Nam, tại Metropolis - Liễu Giai. Giá bán 11,9 tỷ","11,9 tỷ",76 m²,"156,58 tr/m²",2,2,"Ngọc Khánh, Ba Đình","21.033810528336247, 105.81648901306288"
42265008,06/03/2025,Nhượng căn ngoại giao 2 phòng ngủ tầng cao Vip giá 12 tỉ rẻ hơn so với thị trường,12 tỷ,"87,5 m²","137,14 tr/m²",2,N/A,"Thành Công, Ba Đình","21.0211163735718, 105.818228610216"
42295775,06/03/2025,"Bán Căn hộ chung cư tại The Nelson Private Residences, (87,1 m2) trục đẹp giá tốt","11,34 tỷ","87,1 m²","130,2 tr/m²",2,2,"Thành Công, Ba Đình","21.020707514043856, 105.81896044544744"
42167897,06/03/2025,"Bán tập thể Giảng Võ - Ngọc Khánh, Ba Đình, nhà đẹp - phố VIP, 3 ngủ đẹp, ô tô đỗ chân toà","3,95 tỷ",80 m²,"49,38 tr/m²",3,2,"Ngọc Khánh, Ba Đình","21.0290370163132, 105.812950818418"
42329135,06/03/2025,"Hot! Bán tập thể Giảng Võ, Ba Đình, 80m2, 3 ngủ, ô tô đỗ chân toà, sổ to 45m2","4,5 tỷ",80 m²,"56,25 tr/m²",3,1,"Giảng Võ, Ba Đình","21.0257492294558, 105.823371786058"
42206584,06/03/2025,Suất ngoại giao căn 3 ngủ hoa hậu view toàn bộ hồ Hoàng Cầu HOT nhất The Nelson 29 Láng Hạ,Giá thỏa thuận,106 m²,N/A,3,N/A,"Thành Công, Ba Đình","21.0207357737184, 105.818958352233"
41788190,06/03/2025,"Nhanh tay sở hữu căn hộ cao cấp tại The Nelson Private Residences Láng Hạ, Ba Đình, Hà Nội","12,72 tỷ",106 m²,120 tr/m²,3,2,"Thành Công, Ba Đình","21.0210825846511, 105.818615702727"
42349768,06/03/2025,"Bán căn 2pn M1 diện tích 75m2 giá bán 12,5 tỷ full nội thất. LH: 0933 218 ***","12,5 tỷ",77 m²,"162,34 tr/m²",2,2,"Ngọc Khánh, Ba Đình","21.033289823064017, 105.81688639062929"
41787918,06/03/2025,"CC 2PN, 83m2 tại The Nelson Private Residences, 120 triệu / m2, Ba Đình, HN","9,96 tỷ",83 m²,120 tr/m²,2,2,"Thành Công, Ba Đình","21.0204943354886, 105.819589187899"
41608584,06/03/2025,"Bán căn 120m2, view thoáng tại chung cư Aqua Central - 44 Yên Phụ. Giá chỉ 14 tỷ. Lh: 0906 244 ***",14 tỷ,120 m²,"116,67 tr/m²",3,2,"Trúc Bạch, Ba Đình","21.0444717407227, 105.845626831055"
36251452,06/03/2025,(Giá chuẩn) Bán căn hộ Skyvila 2 tầng siêu Vip Penthouse Duplex Vinhomes Metropolis 365m2,79 tỷ,365 m²,"216,44 tr/m²",5,N/A,"Ngọc Khánh, Ba Đình","21.0332698822021, 105.816703796387"
41590503,06/03/2025,"Bán căn hộ chung cư tại Vinhomes Metropolis - Liễu Giai, giá 80 tỷ vnd, diện tích 337m2",80 tỷ,337 m²,"237,39 tr/m²",6,4,"Ngọc Khánh, Ba Đình","21.033269882202148, 105.81670379638672"
42349855,06/03/2025,"Bán gấp ch cao cấp tại The Lancaster - 20 Núi Trúc, 139m2, 3PN, BC Đông Nam liên hệ: 0975 864 ***",Giá thỏa thuận,139 m²,N/A,3,3,"Giảng Võ, Ba Đình","21.0291962438791, 105.823839857823"
40873011,06/03/2025,"Bán căn hộ hoa hậu tòa Aqua Central diện tích 120m2, 3 phòng ngủ, 2 vệ sinh, đồ cơ bản, giá bán tốt",Giá thỏa thuận,120 m²,N/A,3,2,"Trúc Bạch, Ba Đình","21.044472, 105.84563"
41787124,06/03/2025,Bán căn hộ hạng sang quận Ba Đình giá từ 120tr/m2 full nội thất cao cấp - 3PN sổ đỏ lâu dài,"12,82 tỷ","106,8 m²",120 tr/m²,3,2,"Thành Công, Ba Đình","21.0211170691138, 105.818993356103"
42334712,06/03/2025,"(Mới) cập nhật những căn hộ đang giao bán tại Metropolis. 103m2, 110m2, 135m2, 340m2",14 tỷ,110 m²,"127,27 tr/m²",3,2,"Ngọc Khánh, Ba Đình","21.03315737033192, 105.81591486290247"
41446147,06/03/2025,"Bán gấp căn hộ vip tòa Lancaster Hà Nội, 140m2, 3PN, ban công Đông Nam",Giá thỏa thuận,140 m²,N/A,3,3,"Giảng Võ, Ba Đình","21.0288105010986, 105.82356262207"
42348597,06/03/2025,Chính chủ cần bán TT Kim Mã - Ba Đình - 65m2 - 2 ngủ - 3 tỷ - oto đỗ cửa - sổ đỏ đẹp,3 tỷ,65 m²,"46,15 tr/m²",2,2,"Kim Mã, Ba Đình","21.0319012939477, 105.824988385362"
38086045,06/03/2025,"Bán căn penthouse Aqua Central diện tích 470m2, 5PN, BC Bắc. Giá thoả thuận. LH 0906 244 ***",Giá thỏa thuận,470 m²,N/A,5,4,"Trúc Bạch, Ba Đình","21.044471740722656, 105.84562683105469"
41992830,06/03/2025,"Nhà tôi cần bán nhanh căn 3PN tại CC Landcaster Núi Trúc, giá 8.2 tỷ, full nội thất có slot ô tô","8,2 tỷ",121 m²,"67,77 tr/m²",3,2,"Giảng Võ, Ba Đình","21.028837858186876, 105.82390918836722"
42220719,06/03/2025,"Bán gấp căn hộ chung cư số 06 Đội Nhân, 60 m2, 2PN, đủ đồ, tầng cao, view đẹp, 3.8 tỉ. 0963 668 ***","3,8 tỷ",60 m²,"63,33 tr/m²",2,1,"Vĩnh Phúc, Ba Đình","21.0412814030859, 105.811493845274"
41597043,06/03/2025,"Bán gấp căn hộ chung cư 671 Hoàng Hoa Thám 95m2, 3PN, tầng cao, view hồ Tây, 6.5 tỉ. Lh: 0963 668 ***","6,5 tỷ",95 m²,"68,42 tr/m²",3,2,"Liễu Giai, Ba Đình","21.0470561981201, 105.807746887207"
42291424,06/03/2025,"Bán gấp căn hộ Duplex chung cư 671 Hoàng Hoa Thám 245m2, 3PN, 100m2 sân, view hồ Tây. 0963 668 ***",Giá thỏa thuận,245 m²,N/A,3,2,"Liễu Giai, Ba Đình","21.046516667991394, 105.80751276857377"
41612058,06/03/2025,"Bán căn hộ chung cư tại 671 Hoàng Hoa Thám, giá 7 tỷ vnd, diện tích 110m2",7 tỷ,110 m²,"63,64 tr/m²",3,2,"Liễu Giai, Ba Đình","21.0470561981201, 105.807746887207"
42280492,06/03/2025,"Bán CC 2PN, 2WC, giá tốt tại Hoàng Hoa Thám, Liễu Giai, Ba Đình, Hà Nội, 10,5 tỷ, 113m2","10,5 tỷ",113 m²,"92,92 tr/m²",2,2,"Liễu Giai, Ba Đình","21.046697693946125, 105.80812397509733"
38543622,06/03/2025,"Tôi cần bán CHCC 93m2 3PN full nội thất xịn chung cư 671 Hoàng Hoa Thám giá 6.5 tỷ, LH 0978 723 ***","6,5 tỷ",93 m²,"69,89 tr/m²",3,2,"Liễu Giai, Ba Đình","21.0470561981201, 105.807746887207"
41776561,06/03/2025,"Bán căn hộ cao cấp The Lancaster - 20 Núi Trúc, 145m2, 3 PN, 3 WC, căn góc View Hồ. LH: 0982 914 ***",Giá thỏa thuận,145 m²,N/A,3,3,"Giảng Võ, Ba Đình","21.02894886994001, 105.82348539683659"
42185847,06/03/2025,"Bán căn hộ chung cư toà Newtatco Ba Đình ,Hà Nội 72m2 , thiết kế 2 ngủ , 1 vệ sinh",Giá thỏa thuận,72 m²,N/A,2,1,"Vĩnh Phúc, Ba Đình","21.0425037887895, 105.80793116243"
36910821,06/03/2025,Độc quyền bán những căn góc đẹp nhất 142m2 - 125m2 tại Lancaster Núi Trúc vip*,Giá thỏa thuận,142 m²,N/A,3,3,"Giảng Võ, Ba Đình","21.0288105010986, 105.82356262207"
32639060,06/03/2025,"Chính chủ cần bán căn hộ 3PN, 126m2 tại Diamond Park Plaza. Căn góc - hướng view hồ. Sổ đỏ Lâu dài","13,8 tỷ",126 m²,"109,52 tr/m²",3,2,"Thành Công, Ba Đình","21.0189781188965, 105.815910339355"
41572864,06/03/2025,Hot - Căn hộ chung cư hạng sang tại 29 Láng Hạ HD Mon: 106m2. Giá từ 135 tr/m² - LH: 0931 318 ***,"14,31 tỷ",106 m²,135 tr/m²,3,2,"Thành Công, Ba Đình","21.0227885456068, 105.819968145246"
41303689,06/03/2025,"Cần bán căn hộ 75m2 tòa 195 Đội Cấn thiết kế 2 ngủ, 2vs. Giá 5,5 tỷ","5,5 tỷ",75 m²,"73,33 tr/m²",2,2,"Đội Cấn, Ba Đình","21.035307132332, 105.825167153367"
41933280,06/03/2025,"Mở bán đợt 1 căn hộ hạng sang The Nelson Private Residences - Ba Đình. Giá 13,6 tỷ/106m2. CK 2,5%","13,6 tỷ",106 m²,"128,3 tr/m²",3,2,"Thành Công, Ba Đình","21.020496236936, 105.818592443585"
41930441,06/03/2025,"Mở bán đợt 1 căn hộ hạng sáng The Nelson Private Residences - Ba Đình. Gía 11,4 tỷ/87m2. CK 2,5%","11,4 tỷ",87 m²,"131,03 tr/m²",2,2,"Thành Công, Ba Đình","21.0205913711731, 105.818969027589"
41670435,06/03/2025,Chào bán căn góc 4 ngủ hoa hậu Metropolis Liễu Giai | view Hồ Tây cực vip,"27,9 tỷ","133,9 m²","208,36 tr/m²",4,N/A,"Ngọc Khánh, Ba Đình","21.03326988220215, 105.81670379638672"
42152430,06/03/2025,"Bán căn hộ tòa nhà 57 Láng Hạ, 193 m2, 4 PN, 2 phụ, nhà đẹp, thoáng, giá 13,9 tỷ","13,9 tỷ",193 m²,"72,02 tr/m²",N/A,N/A,"Thành Công, Ba Đình","21.019631303916558, 105.8167402783478"
42290041,06/03/2025,"Cần bán gấp căn 3 phòng ngủ tại Vinhomes Metropolis - Liễu Giai, Giá 17 tỷ",17 tỷ,110 m²,"154,54 tr/m²",3,2,"Ngọc Khánh, Ba Đình","21.033190678770985, 105.81670823005169"
42334900,06/03/2025,"Hiếm! Chính Chủ Cần Bán Gấp Căn 3n2vs CC Cao Cấp Vin Metropolis 29 Liễu Giai DT: 104m2, Giá 15 Tỷ",Giá thỏa thuận,104 m²,N/A,3,2,"Ngọc Khánh, Ba Đình","21.033321833543543, 105.81674747311837"
42233082,06/03/2025,"Giá giảm 20% - bán gấp 195 Đội Cấn - căn hộ 72m2 - 2PN 2VS. 5,2 tỷ. LH: 0967 401 *** Nam","5,2 tỷ",72 m²,"72,22 tr/m²",2,2,"Đội Cấn, Ba Đình","21.0350621876209, 105.825286450803"
40852469,06/03/2025,Chính chủ bán căn hộ chung cư cao cấp Vinhomes Metropolis DT 76m 105m 135m 207m 333m penhouse,10 tỷ,76 m²,"131,58 tr/m²",2,2,"Ngọc Khánh, Ba Đình","21.03375020006964, 105.8174823368095"
41153650,05/03/2025,"Bán căn hộ Diamond Park Plaza giá 8,2tỷ VND tại Ba Đình, Hà Nội","7,8 tỷ",55 m²,"141,82 tr/m²",1,1,"Thành Công, Ba Đình","21.018978, 105.81591"
33605980,05/03/2025,"PKD CĐT cập nhật quỹ căn tại Diamond Park 16 Láng Hạ, 1PN căn đẹp - hàng ngoại giao. Đã có sổ đỏ","5,45 tỷ",57 m²,"95,61 tr/m²",1,1,"Thành Công, Ba Đình","21.019416809082, 105.816879272461"
42275119,05/03/2025,"Bán Tập Thể Giảng Võ, Vũ Thạnh, T3, 86m2(47 m2 sổ), 4 ngủ, 2 wc, 4.05 tỷ","4,05 tỷ",86 m²,"47,09 tr/m²",4,2,"Giảng Võ, Ba Đình","21.0260851693882, 105.823379362658"
40842276,05/03/2025,"Bán gấp CHCC cao cấp tòa Diamond Plaza 16 Láng Hạ, CĐT tập đoàn BRG, diện tích 81.89m2 giá 10.3 tỷ","10,3 tỷ","81,89 m²","125,78 tr/m²",2,2,"Thành Công, Ba Đình","21.0189781188965, 105.815910339355"
41498603,05/03/2025,"Siêu hiếm! Bán căn hộ chung cư 57 Láng Hạ 192, 3PN, giá: 12 tỷ",12 tỷ,192 m²,"62,5 tr/m²",3,2,"Thành Công, Ba Đình","21.0192604064941, 105.817268371582"
41766915,05/03/2025,"Chỉ 8.5 tỷ! Sở hữu CH 57 Láng Hạ, Ba Đình, 125.9m2, 3PN","8,5 tỷ","125,9 m²","67,51 tr/m²",3,2,"Thành Công, Ba Đình","21.0192604064941, 105.817268371582"
42329786,05/03/2025,"Căn hộ duplex đẳng cấp giá cực tốt, full công năng ở và giải trí, sẵn sổ đỏ, nội thất sang trọng",Giá thỏa thuận,207 m²,N/A,4,3,"Ngọc Khánh, Ba Đình","21.033577096969193, 105.81697855892163"
40174156,05/03/2025,Tổng hợp 03 Skyvillas Metropolis bán từ 50 tỷ,100 tỷ,500 m²,200 tr/m²,4,3,"Ngọc Khánh, Ba Đình","21.0332698822021, 105.816703796387"
42087144,05/03/2025,"PKD CĐT bán căn hộ đẹp tại Diamond Park Plaza, giá thỏa thuận, 124m2, 3PN, 3WC",Giá thỏa thuận,124 m²,N/A,3,3,"Thành Công, Ba Đình","21.018986140299738, 105.81547256383571"
41239511,05/03/2025,"Căn hộ Vinhomes Metropolis - Liễu Giai giá 12 tỷ VND, diện tích 78m2. Xem nhà ngay hôm nay",12 tỷ,78 m²,"153,85 tr/m²",2,2,"Ngọc Khánh, Ba Đình","21.0338607740659, 105.814085265366"
42297980,05/03/2025,"Cần bán gấp căn hộ chung cư ngõ 130 Đốc Ngữ, Ba Đình, Hà Nội 3 phòng ngủ giá hơn 6 tỷ","6,5 tỷ",91 m²,"71,43 tr/m²",3,2,"Cống Vị, Ba Đình","21.0422960397173, 105.813915003228"
41239550,05/03/2025,Căn hộ 1PN giá tốt nhất thị trường. Xem nhà ngay hôm nay,"8,5 tỷ",55 m²,"154,54 tr/m²",1,1,"Ngọc Khánh, Ba Đình","21.0332698822021, 105.816703796387"
40422411,05/03/2025,"Bán căn hộ cao cấp Platinum số 6 Nguyễn Công Hoan, diện tích 112m2, 2 ngủ, view hồ Giảng Võ.",Giá thỏa thuận,112 m²,N/A,2,2,"Ngọc Khánh, Ba Đình","21.0270671844482, 105.817451477051"
40716181,05/03/2025,"Cần bán gấp căn hộ chung cư The Lancaster 20 Núi Trúc 123m2, 3PN, 10tỷ. Hướng ĐN LH: 0985 878 ***",10 tỷ,123 m²,"81,3 tr/m²",3,3,"Giảng Võ, Ba Đình","21.0288105010986, 105.82356262207"
39800004,05/03/2025,"BQL B6 Giảng Võ - The Golden Armor cần bán căn hộ 2PN, 70m2, giá từ 6 tỷ","5,88 tỷ",84 m²,70 tr/m²,2,2,"Giảng Võ, Ba Đình","21.0296936035156, 105.821510314941"
42340861,05/03/2025,"Bán căn góc 3PN BRG 16 Láng Hạ VIP view trực diện Hồ Thành Công - 125m2 - 22,4 tỷ - Sổ hồng lâu dài","22,4 tỷ",125 m²,"179,2 tr/m²",3,2,"Thành Công, Ba Đình","21.01885774773926, 105.81581911646647"
42307129,05/03/2025,"Bán gấp CH 3PN 120m2 tại Hà Nội Aqua Central, Yên Phụ, giá thỏa thuận",Giá thỏa thuận,120 m²,N/A,3,2,"Trúc Bạch, Ba Đình","21.0447539790776, 105.84474016293"
42307137,05/03/2025,"Bán căn hộ chung cư tại Hà Nội Aqua Central, giá tốt 14,5 tỷ, 120m2, 3PN + 2WC","14,5 tỷ",120 m²,"120,83 tr/m²",3,2,"Trúc Bạch, Ba Đình","21.04406773845623, 105.84488738890227"
41009251,05/03/2025,"Bán TT K7 Bắc Thành Công, tầng 2, DTSD 120 m2, 3 PN, 2 phụ, 1 PK, 1 B nhà đẹp, ở luôn, giá 4,66 tỷ","4,66 tỷ",120 m²,"38,83 tr/m²",3,2,"Thành Công, Ba Đình","21.0219849213624, 105.815994458864"
42340402,05/03/2025,Diamond Park Plaza - Căn Đẹp View Hồ - Giá Tốt Chỉ Từ 129 Triệu/m,13 tỷ,"102,56 m²","126,76 tr/m²",2,2,"Thành Công, Ba Đình","21.018560847569862, 105.81612984950168"
42319573,05/03/2025,"Cần bán gấp! CHCC 2PN, 2WC, 80m2 tại Đội Cấn, Đội Cấn, Ba Đình, Hà Nội, 5,5 tỷ","5,5 tỷ",80 m²,"68,75 tr/m²",2,2,"Đội Cấn, Ba Đình","21.0349158842413, 105.825364283863"
42230061,05/03/2025,"Tập thể 7,2 ha Vĩnh Phúc - Ba Đình - Tầng 3 - full nội thất - ô tô đỗ quanh nhà - vị trí đẹp","4,55 tỷ",43 m²,"105,81 tr/m²",2,2,"Vĩnh Phúc, Ba Đình","21.0442340573358, 105.810148207623"
42125856,05/03/2025,"Chung cư nội đô cuối cùng! Chỉ từ 6,5 tỷ sở hữa căn hộ hạng sang tại trung tâm quận Ba Đình","11,2 tỷ",83 m²,135 tr/m²,2,2,"Thành Công, Ba Đình","21.0206408971741, 105.818708344183"
42147003,05/03/2025,"(Giá rẻ) Bán gấp căn góc 3PN rộng 120m2 toà M3 Vinhomes Metropolis view 3 hồ đẹp giá 19,9 tỷ bp","19,9 tỷ",120 m²,"165,83 tr/m²",3,2,"Ngọc Khánh, Ba Đình","21.033234356709713, 105.81669409038182"
42339189,05/03/2025,"Quỹ độc quyền căn 2 PN 87m2 The Nelson Private, Láng Hạ, Ba Đình - View hồ - Tiêu chuẩn 5 sao","11,3 tỷ",87 m²,"129,88 tr/m²",2,N/A,"Thành Công, Ba Đình","21.0202644229762, 105.818430370028"
42339377,05/03/2025,"Chính chủ nhờ bán CHCC Platinum Residences số 6 Nguyễn Công Hoan, Ba Đình 113m2 2PN, giá thỏa thuận",Giá thỏa thuận,113 m²,N/A,2,2,"Ngọc Khánh, Ba Đình","21.0267032963023, 105.817789688535"
41943353,05/03/2025,"Bán gấp căn hộ chung cư Platinum Residences - 6 Nguyễn Công Hoan, 113m2 3PN giá 9 tỷ","9,2 tỷ",113 m²,"81,42 tr/m²",3,2,"Ngọc Khánh, Ba Đình","21.0270671844482, 105.817451477051"
42330604,05/03/2025,"Bán gấp căn hộ chung cư The Lancaster 20 Núi Trúc, 143m2, 3PN, BC Tây Nam view hồ LH: 0814 332 ***",Giá thỏa thuận,143 m²,N/A,3,3,"Giảng Võ, Ba Đình","21.0288105010986, 105.82356262207"
42339098,05/03/2025,"Chính chủ cần bán CHCC Grandeur Places 138b Giảng Võ, Ba Đình, 2PN, giá thỏa thuận. LH 0983 951 ***",Giá thỏa thuận,"77,6 m²",N/A,2,2,"Kim Mã, Ba Đình","21.0289366646584, 105.825524539644"
38761482,05/03/2025,"Bán CHCC Lancaster 20 Núi Trúc, Ba Đình, 125m2, 3PN, đồ gắn tường, giá thỏa thuận. LH 0983 951 ***",Giá thỏa thuận,125 m²,N/A,3,2,"Giảng Võ, Ba Đình","21.028810501098633, 105.82356262207031"
39558054,05/03/2025,"Hot! Cần bán quỹ căn hộ Duplex siêu vip ở chung cư 671 Hoàng Hoa Thám, diện tích rộng giá bán tốt !",7 tỷ,"113,5 m²","61,67 tr/m²",2,2,"Liễu Giai, Ba Đình","21.0470561981201, 105.807746887207"
41585452,05/03/2025,"Trực tiếp CĐT mở bán đợt 1, quỹ căn 2PN, 3PN. Tầng đẹp giá tốt nhất, hỗ trợ vay Bank 12 tháng",Giá thỏa thuận,106 m²,N/A,3,3,"Thành Công, Ba Đình","21.0226515939538, 105.819507687193"
42205926,05/03/2025,"Qũy căn bán chuyển nhượng Vinhomes Metroposlis 1PN, 2PN,3PN,4PN giá tốt căn đẹp(cập nhật 2025)","12,5 tỷ",80 m²,"156,25 tr/m²",2,2,"Ngọc Khánh, Ba Đình","21.033398271951285, 105.81606429767011"
42330471,05/03/2025,"Chủ nhà cần tiền bán gấp CC 2PN, 2WC tại Đội Cấn, 5,2 tỷ, 72m2 nhà đẹp","5,2 tỷ",72 m²,"72,22 tr/m²",2,2,"Đội Cấn, Ba Đình","21.0348842894876, 105.825346945069"
37815026,05/03/2025,"Bán 2PN 16 Láng Hạ 103m2, full nội thất - view trọn hồ - gía tốt siêu hợp lý - 0931 318 ***",Giá thỏa thuận,103 m²,N/A,2,2,"Thành Công, Ba Đình","21.018978118896484, 105.81591033935547"
42337107,05/03/2025,"Bán tập thể phố Yên Ninh, Phan Đình Phùng, 90m2 2 ngủ 2 WC, nội thất đẹp 3.35 tỷ","3,35 tỷ",90 m²,"37,22 tr/m²",2,2,"Quán Thánh, Ba Đình","21.0425310726197, 105.844562650172"
42337345,05/03/2025,Mở bán dự án The Nelson Private Residences - 29 Láng Hạ - đẳng cấp thượng lưu,"11,8 tỷ","87,4 m²",135 tr/m²,2,2,"Thành Công, Ba Đình","21.0203602236635, 105.8191424978"
39176853,05/03/2025,"Chính chủ cần bán gấp CH Grandeur Palace 138B Giảng Võ, 77.6m2, 2PN, đủ đồ",Giá thỏa thuận,"77,6 m²",N/A,2,2,"Kim Mã, Ba Đình","21.0287971496582, 105.825675964355"
40918966,05/03/2025,"Bán căn hộ cao cấp Grandeur Palace 138B Giảng Võ, 120m2, 3PN, full nội thất siêu sang. Có slot ô tô",Giá thỏa thuận,120 m²,N/A,3,2,"Kim Mã, Ba Đình","21.028797149658203, 105.82567596435547"
40536009,05/03/2025,"Gia đình cần bán căn góc 118m2 thiết kế 2 ngủ view hồ Giảng Võ, chính chủ giá rẻ, miễn TG",Giá thỏa thuận,118 m²,N/A,2,N/A,"Giảng Võ, Ba Đình","21.028810501098633, 105.82356262207031"
42336527,05/03/2025,"Bán căn hộ tòa nhà 172 Ngọc Khánh 155 m2, 3 ngủ, 2 phụ, H Đông Nam, giá bán 10,5 tỷ","10,5 tỷ",155 m²,"67,74 tr/m²",3,2,"Giảng Võ, Ba Đình","21.0241516909356, 105.81916222171064"
42291019,05/03/2025,Tôi cần bán CHCC penthouse 150m2+100m2 sân vườn 3PN view hồ chung cư 671 Hoàng Hoa Thám giá 10 tỷ,10 tỷ,150 m²,"66,67 tr/m²",3,2,"Liễu Giai, Ba Đình","21.047295130014582, 105.80704126484689"
42178212,05/03/2025,"Siêu VIP! Tập thể Núi Trúc, Ba Đình, tầng 2, lô góc, sổ to 80m2 3PN 2WC nhà đẹp chỉ 4,45 tỷ","4,45 tỷ",80 m²,"55,62 tr/m²",3,2,"Kim Mã, Ba Đình","21.029291560594, 105.822933574585"
42279255,05/03/2025,"Ngon bổ rẻ! Tập thể Thành Công, Ba Đình, tầng 2, 60m2 2PN nhà đẹp chỉ 3,45 tỷ","3,45 tỷ",60 m²,"57,5 tr/m²",2,1,"Thành Công, Ba Đình","21.0215627814982, 105.815503487991"
41969328,05/03/2025,"Ngon bổ rẻ! Chỉ 3,25 tỷ tập thể Đào Tấn, Ba Đình, tầng 3, lô góc, 70m2 2PN nhà đẹp","3,25 tỷ",70 m²,"46,43 tr/m²",2,1,"Cống Vị, Ba Đình","21.0326056749889, 105.808457731836"
42175543,05/03/2025,"Hiếm nhà bán! Tập thể mặt phố Hàng Than, Ba Đình, tầng 3, lô góc, sổ to 70m2 3PN chỉ 4,89 tỷ","4,89 tỷ",70 m²,"69,86 tr/m²",3,1,"Nguyễn Trung Trực, Ba Đình","21.0415895220648, 105.847042453475"
42223569,05/03/2025,"Tập thể T2 Thành Công, mặt đường ô tô tránh, 3PN, 2WC full nội thất 4.35 tỷ","4,35 tỷ",100 m²,"43,5 tr/m²",3,2,"Thành Công, Ba Đình","21.0215160854477, 105.815574499588"
35958847,05/03/2025,Bán gấp: Căn hộ 80m2 view nội khu giá 12 tỷ đủ đồ,12 tỷ,80 m²,150 tr/m²,2,2,"Ngọc Khánh, Ba Đình","21.0332698822021, 105.816703796387"
42332107,05/03/2025,Bán căn hoa hậu rẻ nhất dự án 125m2 gần hồ Thành Công đẹp nhất. LH PKD CĐT 0904 682 ***,"12,5 tỷ",125 m²,100 tr/m²,3,2,"Thành Công, Ba Đình","21.018645327658003, 105.81546104963981"
42058817,05/03/2025,"Chính chủ bán căn hộ cao cấp Golden Armor Giảng Võ. 103.3m2. 3 ngủ, view hồ. Liên hệ 0901 795 ***",13 tỷ,"103,3 m²","125,85 tr/m²",3,N/A,"Giảng Võ, Ba Đình","21.0294600965319, 105.821262297521"
42326153,04/03/2025,"Căn hộ hoa hậu toà M1, view Hồ Tây 146m2. 4PN, full đồ, tại Metropolis - Liễu Giai. Giá 2x tỷ","26,9 tỷ",146 m²,"184,25 tr/m²",4,3,"Ngọc Khánh, Ba Đình","21.0339956112831, 105.816681644474"
42326210,04/03/2025,"Bán căn hộ 105m2, 3PN, full đồ cao cấp, BC Đông Nam, tại Metropolis - Liễu Giai. Giá bán 15,9 tỷ","15,9 tỷ",105 m²,"151,43 tr/m²",3,2,"Ngọc Khánh, Ba Đình","21.033726468807814, 105.81608693189423"
41320573,04/03/2025,"Bán gấp căn hộ chung cư cao cấp Platinum Residences, 108m2, 2PN, ban công hướng mát",Giá thỏa thuận,108 m²,N/A,2,2,"Ngọc Khánh, Ba Đình","21.0270671844482, 105.817451477051"
38817314,04/03/2025,"Bán gấp CH tại The Golden Armor - B6 Giảng Võ, 85m2, 2PN, full đồ đẹp, có ban công LH: 0814 332 ***",Giá thỏa thuận,85 m²,N/A,2,2,"Giảng Võ, Ba Đình","21.029693603515625, 105.8215103149414"
40658130,04/03/2025,"Giảm 1 tỷ, gia đình bán nhanh chuyển đi Canada căn hộ lô góc Lancaster Núi Trúc DT 126m2 - 3PN 3WC","11,5 tỷ",126 m²,"91,27 tr/m²",3,3,"Giảng Võ, Ba Đình","21.028810501098633, 105.82356262207031"
42118898,04/03/2025,"Siêu phẩm 3 ngủ đẹp nhất Vinhome Metropolis 18,5 tỷ","18,5 tỷ",115 m²,"160,87 tr/m²",3,2,"Ngọc Khánh, Ba Đình","21.03313746655037, 105.81752625772462"
42316942,04/03/2025,"Hiếm! Bán tập thể tầng 2 Thành Công, Ba Đình, vị trí đẹp, sổ to 29m2, nhà nguyên bản","3,55 tỷ",60 m²,"59,17 tr/m²",2,1,"Thành Công, Ba Đình","21.0213902568468, 105.815891718939"
42322753,04/03/2025,"Bán căn 2PN 77,6m2 cc Grandeur Palace Giảng Võ, nội thất mới, nhà đẹp sẵn sổ đỏ liên hệ: 0822 238 ***","12,5 tỷ","77,6 m²","161,08 tr/m²",2,2,"Kim Mã, Ba Đình","21.0280384416533, 105.825959671768"
41582043,04/03/2025,"Ra Mắt Căn Hộ 3 ngủ tại HDMON 29 Láng Hạ, phường Thành Công, quận Ba Đình","14,42 tỷ","106,8 m²",135 tr/m²,3,2,"Thành Công, Ba Đình","21.020708084106445, 105.8189697265625"
42330665,04/03/2025,"Tập thể Giảng Võ, Ba Đình - 100m2 3 ngủ - Cạnh Hồ Giảng Võ - Nhỉnh 3 tỷ - Đầu tư đền bù X2",Giá thỏa thuận,100 m²,N/A,3,2,"Giảng Võ, Ba Đình","21.0263780230502, 105.82364434828"
41877609,04/03/2025,"Quỹ căn ngoại giao CĐT. Căn 2PN, 3PN. Tầng đẹp, view hồ, bank hỗ trợ 12 tháng. Cam kết giá tốt nhất","11,31 tỷ",87 m²,130 tr/m²,2,2,"Thành Công, Ba Đình","21.0206997163684, 105.818942443713"
42312317,04/03/2025,Bán căn sky villa Vinhome Metropolis view hồ - 360m2 - 81 - Sổ đỏ sẵn sàng giao dịch,81 tỷ,360 m²,225 tr/m²,4,3,"Ngọc Khánh, Ba Đình","21.0331579701658, 105.81664845996"
41910406,04/03/2025,"Tập thể mặt phố Nguyên Hồng Thành Công Ba Đình HN. Ô tô tránh. Lô góc. 50m2 giá chỉ 3,15 tỷ có TL","3,15 tỷ",50 m²,63 tr/m²,2,1,"Thành Công, Ba Đình","21.0214769392979, 105.811883076104"
42283720,04/03/2025,"Cần bán căn hộ đẹp nhất tại quận Ba Đình, 124m2, 3PN, Sát Hồ Thành Công",Giá thỏa thuận,124 m²,N/A,3,2,"Thành Công, Ba Đình","21.019479251629345, 105.8157135163626"
42332046,04/03/2025,"Gấp, bán TT Thành Công, Ba Đình, 70m2, kinh doanh, oto đỗ cửa, chỉ 5.2 tỷ","5,2 tỷ",70 m²,"74,29 tr/m²",3,1,"Thành Công, Ba Đình","21.0219043554114, 105.815875683076"
42331152,04/03/2025,"Căn hộ rẻ nhất 195 Đường Đội Cấn, 75m2, 2 phòng ngủ, 2wc, Giá: 5,25 tỷ. LH: 0379 455 ***","5,25 tỷ",75 m²,70 tr/m²,2,2,"Đội Cấn, Ba Đình","21.034818689134, 105.8253162556"
42330778,04/03/2025,"Cần bán nhanh căn hộ góc 195 Đội Cấn - Ba Đình, DT 71.9m2 2 ngủ 2wc, đầy đủ nội thất, giá 5.5tỷ","5,5 tỷ","71,9 m²","76,5 tr/m²",2,2,"Đội Cấn, Ba Đình","21.0346215089875, 105.825438349954"
41369085,04/03/2025,"Bán D2 Giảng Võ, diện tích 118m2, gồm 03 phòng ngủ, nhà đẹp. Tell 0934 288 ***",12 tỷ,118 m²,"101,7 tr/m²",3,N/A,"Giảng Võ, Ba Đình","21.0263808804149, 105.823458079179"
42330399,04/03/2025,"Cần bán gấp căn hộ 3PN Hòa Bình Green Apartment 107m2 tầng trung ban công ĐN, giá 7,9 tỷ","7,9 tỷ",107 m²,"73,83 tr/m²",3,2,"Vĩnh Phúc, Ba Đình","21.041069107032, 105.807897275555"
37186509,04/03/2025,Tôi cần bán nhà 115m2 hướng Đông Nam tầng 08,Giá thỏa thuận,115 m²,N/A,3,2,"Ngọc Khánh, Ba Đình","21.0332698822021, 105.816703796387"
41024992,04/03/2025,Bán nhanh căn hộ số 6 Đội Nhân 71m2 2pn căn góc giá chỉ 4.5 tỷ có gia lộc. LH: 0978 723 ***,"4,5 tỷ",71 m²,"63,38 tr/m²",2,2,"Vĩnh Phúc, Ba Đình","21.0416355133057, 105.811874389648"
42330601,04/03/2025,"Bán căn hộ chung cư 671 Hoàng Hoa Thám, DT 111,35m2 - 3PN, Căn góc. Giá 7,3 tỷ","7,3 tỷ","111,35 m²","65,56 tr/m²",3,2,"Liễu Giai, Ba Đình","21.0469995218003, 105.807954947321"
42262471,04/03/2025,"Bán nhanh CHCC Platinum Residences - Số 6 Nguyễn Công Hoan, 117m2, 3PN, Tầng Trung LH: 0975 864 ***",Giá thỏa thuận,117 m²,N/A,3,2,"Ngọc Khánh, Ba Đình","21.027022465555408, 105.81691081533086"
41519229,04/03/2025,"Chính chủ bán CH Hòa Bình Green Apartment DT 105,2m, 3PN full NT đẹp SĐCC giá 7,5 tỷ: 0971 085 ***","7,5 tỷ","105,2 m²","71,29 tr/m²",3,2,"Vĩnh Phúc, Ba Đình","21.0389488250747, 105.803690418477"
24364818,04/03/2025,Căn hoa hậu 4PN Vinhomes Metropolis 148m2 tòa M3 căn 10 tầng trung view Hồ Tây LH 0945 575 ***,25 tỷ,148 m²,"168,92 tr/m²",4,3,"Ngọc Khánh, Ba Đình","21.0317993164063, 105.814193725586"
25319221,04/03/2025,"(Giá chuẩn) Bán gấp Vinhomes Metropolis căn 3PN 115m2 tòa M3 giá rẻ nhất thị trường 17,4 tỷ bao phí","17,4 tỷ",115 m²,"151,3 tr/m²",3,2,"Ngọc Khánh, Ba Đình","21.0317993164063, 105.814193725586"
42330336,04/03/2025,"Bán căn hộ 3PN tại Giảng Võ, Ba Đình, Hà Nội, 4,559 tỷ, 75m2","4,56 tỷ",75 m²,"60,79 tr/m²",3,1,"Giảng Võ, Ba Đình","21.0259888748963, 105.823545074688"
42330321,04/03/2025,"Giá ưu đãi bán căn hộ chung cư tại Đội Cấn, 5,7 tỷ, 84 m2","5,7 tỷ",84 m²,"67,86 tr/m²",2,2,"Đội Cấn, Ba Đình","21.0348554401874, 105.825357553422"
42330133,04/03/2025,"Bán căn hộ Diamond Park Plaza - 16 Láng Hạ, 124m2 3 ngủ view hồ, giá siêu rẻ. LH 0945 894 ***",Giá thỏa thuận,124 m²,N/A,3,2,"Thành Công, Ba Đình","21.0181132121034, 105.815940335331"
40155913,04/03/2025,"Bán nhanh căn hộ chung cư tại Viglacera - 671 Hoàng Hoa Thám, dt 91m2, 3PN-2WC 0364 224 ***",Giá thỏa thuận,91 m²,N/A,3,2,"Liễu Giai, Ba Đình","21.0470561981201, 105.807746887207"
42136871,04/03/2025,"Chính chủ bán CH chung cư 195 Đội Cấn - 75m2, 2 ngủ, căn góc, giá: 5,25 tỷ thương lượng","5,25 tỷ",75 m²,70 tr/m²,2,2,"Đội Cấn, Ba Đình","21.0352232345473, 105.825112422319"
42329879,04/03/2025,"Bán gấp CH cao cấp Tại The Lancaster - 20 Núi Trúc, 142m2, 3PN, giá cực tốt liên hệ: 0975 864 ***",Giá thỏa thuận,142 m²,N/A,3,3,"Giảng Võ, Ba Đình","21.0292477753417, 105.822925022266"
40168495,04/03/2025,"Bán căn hộ B6 Giảng Võ - The Golden Armor, DT 84m2 2 ngủ giá 7 tỷ. Lh 0945 894 ***",7 tỷ,84 m²,"83,33 tr/m²",2,2,"Giảng Võ, Ba Đình","21.0296936035156, 105.821510314941"
41104606,04/03/2025,"Bán căn hộ chung cư văn phòng Trung Ương Đảng, 260 Đội Cấn, 132m2, 3PN, 60 tr/m2, LH: 0981 545 ***","7,92 tỷ",132 m²,60 tr/m²,3,3,"Đội Cấn, Ba Đình","21.0348965836311, 105.825110493498"
41593199,04/03/2025,"Bán chung cư 671 Hoàng Hoa Thám, căn góc 91m2, tòa A, căn góc 3NP, 2VS, giá 7.1 tỷ","7,1 tỷ",91 m²,"78,02 tr/m²",3,2,"Liễu Giai, Ba Đình","21.047056, 105.80775"
42328530,04/03/2025,Cần bán nhanh tập thể Ngoại Giao Đào Tấn 3 ngủ ngay phố,"3,1 tỷ",70 m²,"44,29 tr/m²",3,2,"Cống Vị, Ba Đình","21.0325986364878, 105.809084413131"
42177616,04/03/2025,"Bán căn hộ siêu đẹp 87m2, 11 tỷ tại The Nelson Private Residences, Láng Hạ, Ba Đình LH 0988 125 ***",11 tỷ,87 m²,"126,44 tr/m²",2,2,"Thành Công, Ba Đình","21.020937273508064, 105.81985131302488"
42125458,04/03/2025,"Ngon bổ rẻ! Tập thể Giảng Võ, Ba Đình, tầng 1, kinh doanh 60m2 2PN chỉ 3,95 tỷ","3,95 tỷ",60 m²,"65,83 tr/m²",2,1,"Giảng Võ, Ba Đình","21.0259995604533, 105.823724758637"
41550357,28/02/2025,"Hot Quỹ căn nội bộ - tải bảng giá niêm yết chủ đầu tư, vay lãi suất 0%,ck 2,5% căn hộ TT Láng Hạ",Giá thỏa thuận,106 m²,N/A,3,2,·,"21.020743643055578, 105.8188696928301"
41694673,27/02/2025,"Hot hàng hiếm 10 suất ngoại giao bảng hàng cực hot, lãi suất 0% trong 6 tháng, căn hộ TT Láng Hạ",Giá thỏa thuận,83 m²,N/A,2,2,·,"21.020708, 105.81897"
42084659,03/03/2025,HOT! Quỹ căn ngoại giao đẹp nhất tầng 16 đến 27 (Penhouse) DA The Nelson giá tốt nhất thị trường,Giá thỏa thuận,"106,1 m²",N/A,3,N/A,"Thành Công, Ba Đình","21.020790495114, 105.819169031891"
41960567,03/03/2025,"Chính chủ bán căn hộ DTSD 110m2 tầng 3, 5.7tỷ SĐCC TT Ban TC Trung Ương ngõ 195 Đội Cấn, Ba Đình HN","5,7 tỷ",110 m²,"51,82 tr/m²",4,2,"Đội Cấn, Ba Đình","21.0349663185301, 105.825329822471"
42299647,28/02/2025,Chính chủ bán căn hộ tầng 5 khu tập thể ngân hàng Trung Ương - Ba Đình,"3,7 tỷ",33 m²,"112,12 tr/m²",N/A,N/A,"Trúc Bạch, Ba Đình","21.045211790372, 105.84270728448"
41121730,28/02/2025,Giá tốt (135tr/m2): Quỹ căn Vinhomes Metropolis ngày 28/2: SDT 0913 809 ***,"24,5 tỷ",146 m²,"167,81 tr/m²",4,3,"Ngọc Khánh, Ba Đình","21.0332005934552, 105.817575333658"
41924361,28/02/2025,"Quỹ căn nội bộ The Nelson tầng đẹp giá niêm yết, chiết khấu cao nhất cho quý khách trong tháng 3",Giá thỏa thuận,106 m²,N/A,3,N/A,"Thành Công, Ba Đình","21.019845115245868, 105.8191921901466"
42025902,26/02/2025,"Bán căn hộ 1PN + 1 nhà TT Đào Tấn, Linh Lang, Ba Đình. DT 50m2 full NT, sổ đỏ chính chủ. Giá 2,9 tỷ","2,9 tỷ",50 m²,58 tr/m²,1,1,"Cống Vị, Ba Đình","21.0327771945018, 105.808879840363"
42075911,06/03/2025,"Quỹ căn cần bán gấp Vinhomes Metropolis 1PN, 2PN, 3PN, 4PN, giá tốt, xem nhà 24/7, LH 0987 709 ***",23 tỷ,146 m²,"157,53 tr/m²",4,3,"Ngọc Khánh, Ba Đình","21.033822161915502, 105.81743346592488"
42352224,06/03/2025,"CHỦ NHÀ ĐI MỸ BÁN GẤP CĂN HỘ LÁNG HẠ VIEW 3 HỒ GIẢNG VÕ, THÀNH CÔNG, HOÀNG CẦU,DT:106M2 GIÁ 13 TỶ",13 tỷ,106 m²,"122,64 tr/m²",3,2,"Thành Công, Ba Đình","21.0209727702924, 105.818377337798"
42010652,06/03/2025,"Căn 2PN view hồ Hoàng Cầu rất hiếm TT quận Ba Đình 29 Láng Hạ, CK 2,5% trực tiếp CĐT bàn giao 2025",11 tỷ,87 m²,"126,44 tr/m²",2,2,"Thành Công, Ba Đình","21.0207612457492, 105.819213664196"
40396592,05/03/2025,Quỹ căn hộ cần chuyển nhượng giá tốt nhất - gọi xem nhà ngay hôm nay. Hotline 0989 138 ***,"20,5 tỷ",115 m²,"178,26 tr/m²",3,2,"Ngọc Khánh, Ba Đình","21.0325841306725, 105.816345465811"
42341061,05/03/2025,Chính chủ bán căn 3PN dự án Diamond Park Plaza Láng Hạ. Căn tầng 8 view trực diện hồ Thành Công,19 tỷ,"124,9 m²","152,12 tr/m²",3,2,"Thành Công, Ba Đình","21.019121152916778, 105.81585158668751"
40684077,05/03/2025,Metropolis căn 139 tr/m2 cần bán (05/03/2025) SDT 0913 809 ***,"17,6 tỷ",115 m²,"153,04 tr/m²",3,2,"Ngọc Khánh, Ba Đình","21.03393170376466, 105.81733516020357"
42329392,04/03/2025,"Chỉ từ 8.8 tỷ sở hữu ngay căn hộ đẳng cấp tại Metrolpolis, sổ đỏ sẵn giao dịch, nội thất cao cấp","8,8 tỷ",68 m²,"129,41 tr/m²",2,2,"Ngọc Khánh, Ba Đình","21.033525194842817, 105.8167138888276"
42315190,03/03/2025,Chính chủ bán căn chung cư vị trí vip Ba Đình - 146m2 x 3 ngủ,"9,5 tỷ",146 m²,"65,07 tr/m²",3,2,"Vĩnh Phúc, Ba Đình","21.0423161892545, 105.814316425837"
37349831,01/03/2025,"Quỹ căn cần bán gấp Vinhomes Metropolis từ 1PN đến 4PN, xem nhà 24/7, giá tốt nhất thị trường",26 tỷ,146 m²,"178,08 tr/m²",4,3,"Ngọc Khánh, Ba Đình","21.0332698822021, 105.816703796387"
42296130,28/02/2025,"Chung cư siêu Víp Vinhomes Metropolis 29 Liễu Giai, DT: 143m2, giá 29,75 tỷ","29,75 tỷ",143 m²,"208,04 tr/m²",4,3,"Ngọc Khánh, Ba Đình","21.032977616703967, 105.81621514677163"
37236015,26/02/2025,"Bán gấp CH duplex chung cư Platinum số 6 Nguyễn Công Hoan, 256m2, 3PN + 1 giá 19.5 tỷ",19 tỷ,256 m²,"74,22 tr/m²",4,3,"Ngọc Khánh, Ba Đình","21.0270671844482, 105.817451477051"
39496587,25/02/2025,"Bán chuyển nhượng căn hộ 2PN DT 77.5m2 tầng cao DA Grandeur Palace Giảng Võ, full đồ, sổ đỏ",Giá thỏa thuận,"77,5 m²",N/A,2,2,"Kim Mã, Ba Đình","21.028797149658203, 105.82567596435547"
41550357,28/02/2025,"Hot Quỹ căn nội bộ - tải bảng giá niêm yết chủ đầu tư, vay lãi suất 0%,ck 2,5% căn hộ TT Láng Hạ",Giá thỏa thuận,106 m²,N/A,3,2,·,"21.020743643055578, 105.8188696928301"
41694673,27/02/2025,"Hot hàng hiếm 10 suất ngoại giao bảng hàng cực hot, lãi suất 0% trong 6 tháng, căn hộ TT Láng Hạ",Giá thỏa thuận,83 m²,N/A,2,2,·,"21.020708, 105.81897"
42084659,03/03/2025,HOT! Quỹ căn ngoại giao đẹp nhất tầng 16 đến 27 (Penhouse) DA The Nelson giá tốt nhất thị trường,Giá thỏa thuận,"106,1 m²",N/A,3,N/A,"Thành Công, Ba Đình","21.020790495114, 105.819169031891"
41960567,03/03/2025,"Chính chủ bán căn hộ DTSD 110m2 tầng 3, 5.7tỷ SĐCC TT Ban TC Trung Ương ngõ 195 Đội Cấn, Ba Đình HN","5,7 tỷ",110 m²,"51,82 tr/m²",4,2,"Đội Cấn, Ba Đình","21.0349663185301, 105.825329822471"
42299647,28/02/2025,Chính chủ bán căn hộ tầng 5 khu tập thể ngân hàng Trung Ương - Ba Đình,"3,7 tỷ",33 m²,"112,12 tr/m²",N/A,N/A,"Trúc Bạch, Ba Đình","21.045211790372, 105.84270728448"
41121730,28/02/2025,Giá tốt (135tr/m2): Quỹ căn Vinhomes Metropolis ngày 28/2: SDT 0913 809 ***,"24,5 tỷ",146 m²,"167,81 tr/m²",4,3,"Ngọc Khánh, Ba Đình","21.0332005934552, 105.817575333658"
41924361,28/02/2025,"Quỹ căn nội bộ The Nelson tầng đẹp giá niêm yết, chiết khấu cao nhất cho quý khách trong tháng 3",Giá thỏa thuận,106 m²,N/A,3,N/A,"Thành Công, Ba Đình","21.019845115245868, 105.8191921901466"
42025902,26/02/2025,"Bán căn hộ 1PN + 1 nhà TT Đào Tấn, Linh Lang, Ba Đình. DT 50m2 full NT, sổ đỏ chính chủ. Giá 2,9 tỷ","2,9 tỷ",50 m²,58 tr/m²,1,1,"Cống Vị, Ba Đình","21.0327771945018, 105.808879840363"
42075911,06/03/2025,"Quỹ căn cần bán gấp Vinhomes Metropolis 1PN, 2PN, 3PN, 4PN, giá tốt, xem nhà 24/7, LH 0987 709 ***",23 tỷ,146 m²,"157,53 tr/m²",4,3,"Ngọc Khánh, Ba Đình","21.033822161915502, 105.81743346592488"
42352224,06/03/2025,"CHỦ NHÀ ĐI MỸ BÁN GẤP CĂN HỘ LÁNG HẠ VIEW 3 HỒ GIẢNG VÕ, THÀNH CÔNG, HOÀNG CẦU,DT:106M2 GIÁ 13 TỶ",13 tỷ,106 m²,"122,64 tr/m²",3,2,"Thành Công, Ba Đình","21.0209727702924, 105.818377337798"
42010652,06/03/2025,"Căn 2PN view hồ Hoàng Cầu rất hiếm TT quận Ba Đình 29 Láng Hạ, CK 2,5% trực tiếp CĐT bàn giao 2025",11 tỷ,87 m²,"126,44 tr/m²",2,2,"Thành Công, Ba Đình","21.0207612457492, 105.819213664196"
40396592,05/03/2025,Quỹ căn hộ cần chuyển nhượng giá tốt nhất - gọi xem nhà ngay hôm nay. Hotline 0989 138 ***,"20,5 tỷ",115 m²,"178,26 tr/m²",3,2,"Ngọc Khánh, Ba Đình","21.0325841306725, 105.816345465811"
42341061,05/03/2025,Chính chủ bán căn 3PN dự án Diamond Park Plaza Láng Hạ. Căn tầng 8 view trực diện hồ Thành Công,19 tỷ,"124,9 m²","152,12 tr/m²",3,2,"Thành Công, Ba Đình","21.019121152916778, 105.81585158668751"
40684077,05/03/2025,Metropolis căn 139 tr/m2 cần bán (05/03/2025) SDT 0913 809 ***,"17,6 tỷ",115 m²,"153,04 tr/m²",3,2,"Ngọc Khánh, Ba Đình","21.03393170376466, 105.81733516020357"
42329392,04/03/2025,"Chỉ từ 8.8 tỷ sở hữu ngay căn hộ đẳng cấp tại Metrolpolis, sổ đỏ sẵn giao dịch, nội thất cao cấp","8,8 tỷ",68 m²,"129,41 tr/m²",2,2,"Ngọc Khánh, Ba Đình","21.033525194842817, 105.8167138888276"
42315190,03/03/2025,Chính chủ bán căn chung cư vị trí vip Ba Đình - 146m2 x 3 ngủ,"9,5 tỷ",146 m²,"65,07 tr/m²",3,2,"Vĩnh Phúc, Ba Đình","21.0423161892545, 105.814316425837"
37349831,01/03/2025,"Quỹ căn cần bán gấp Vinhomes Metropolis từ 1PN đến 4PN, xem nhà 24/7, giá tốt nhất thị trường",26 tỷ,146 m²,"178,08 tr/m²",4,3,"Ngọc Khánh, Ba Đình","21.0332698822021, 105.816703796387"
42296130,28/02/2025,"Chung cư siêu Víp Vinhomes Metropolis 29 Liễu Giai, DT: 143m2, giá 29,75 tỷ","29,75 tỷ",143 m²,"208,04 tr/m²",4,3,"Ngọc Khánh, Ba Đình","21.032977616703967, 105.81621514677163"
37236015,26/02/2025,"Bán gấp CH duplex chung cư Platinum số 6 Nguyễn Công Hoan, 256m2, 3PN + 1 giá 19.5 tỷ",19 tỷ,256 m²,"74,22 tr/m²",4,3,"Ngọc Khánh, Ba Đình","21.0270671844482, 105.817451477051"
39496587,25/02/2025,"Bán chuyển nhượng căn hộ 2PN DT 77.5m2 tầng cao DA Grandeur Palace Giảng Võ, full đồ, sổ đỏ",Giá thỏa thuận,"77,5 m²",N/A,2,2,"Kim Mã, Ba Đình","21.028797149658203, 105.82567596435547"
41906785,04/03/2025,"Bán chung cư đẹp ở 195 Đội Cấn, Ba Đình, Hà Nội, giá hơn 5 tỷ, 75m2, 2PN, 2WC, LH: 0986 399 ***",Giá thỏa thuận,75 m²,N/A,2,2,"Đội Cấn, Ba Đình","21.0347552704848, 105.825762548237"
38762689,04/03/2025,"Bán CHCC The Golden Amor B6 Giang Vo, Ba Đình, 100m2, 3 ngủ full nội thất, giá TT. Lh 0983 951 ***",Giá thỏa thuận,100 m²,N/A,3,2,"Giảng Võ, Ba Đình","21.029693603515625, 105.8215103149414"
36652639,04/03/2025,"Bán gấp căn hộ chung cư Platinum Residences số 6 Nguyễn Công Hoan 120m2 3PN, đủ đồ. LH 0983 951 ***",Giá thỏa thuận,120 m²,N/A,3,2,"Ngọc Khánh, Ba Đình","21.027067184448242, 105.81745147705078"
42324781,04/03/2025,"Bán nhà tập thể Giảng Võ, Ba Đình, 2 ngủ, 2 WC, 2 ban công, ô tô đỗ cửa, nhà đẹp, ở ngay",4 tỷ,70 m²,"57,14 tr/m²",2,2,"Giảng Võ, Ba Đình","21.0264600659919, 105.823114352527"
41248559,04/03/2025,"Cần bán gấp căn hộ chung cư B6 Giảng Võ The Golden Armor, 80m2, 2PN, 2WC. LH: 0982 914 ***",Giá thỏa thuận,80 m²,N/A,2,2,"Giảng Võ, Ba Đình","21.0296936035156, 105.821510314941"
24553566,04/03/2025,"Bán căn hộ cao cấp Golden Armor - B6 Giảng Võ 83.6m2, 2PN, giá tốt nhất thị trường. Lh 0945 894 ***",Giá thỏa thuận,"83,6 m²",N/A,2,2,"Giảng Võ, Ba Đình","21.0296936035156, 105.821510314941"
41585648,04/03/2025,"Bán CHCC Lancaster - 20 Núi Trúc, Ba Đình, căn góc 125m2, 3PN, view cực thoáng. LH 0972 709 ***",Giá thỏa thuận,125 m²,N/A,3,2,"Giảng Võ, Ba Đình","21.0293877150708, 105.823376430402"
38714529,04/03/2025,"Gia đình cần bán căn 3PN tại Thành Công Tower - 57 Láng Hạ 172m2, có slot oto. LH 0372 004 ***","14,25 tỷ",190 m²,75 tr/m²,4,2,"Thành Công, Ba Đình","21.01926040649414, 105.81726837158203"
39165614,04/03/2025,"Bán gấp căn hộ chung cư tại Grandeur Palace 138B Giảng Võ, 128m2, 3PN, full đồ",Giá thỏa thuận,128 m²,N/A,3,2,"Kim Mã, Ba Đình","21.0287971496582, 105.825675964355"
42291652,04/03/2025,"Bán tập thể tầng 1 Núi Trúc - Giảng Võ, Ba Đình, nhà đẹp, ô tô đỗ cửa, kinh doanh tốt, 3 ngủ",5 tỷ,79 m²,"63,29 tr/m²",3,1,"Giảng Võ, Ba Đình","21.0293223066881, 105.823203936818"
40760026,04/03/2025,Em Huy cần bán nhanh căn hộ 3PN góc tầm view hướng thủy tuyệt mỹ view hồ độc nhất tại Hà Nội,"18,5 tỷ",126 m²,"146,82 tr/m²",3,2,"Thành Công, Ba Đình","21.0189781188965, 105.815910339355"
42223213,04/03/2025,"13,5 tỷ căn hộ 124m2 view hồ, Diamond Park Plaza 16 Láng Hạ - Ba Đình - Hà Nội 0967 522 ***","13,5 tỷ",124 m²,"108,87 tr/m²",N/A,N/A,"Thành Công, Ba Đình","21.01888026043685, 105.81667863331441"
42323476,04/03/2025,Duy nhất căn thô sky villa Vinhome Metropolis view hồ - 360m2 - Giá 79ty - Sổ đỏ sẵn sàng giao dịch,79 tỷ,360 m²,"219,44 tr/m²",4,4,"Ngọc Khánh, Ba Đình","21.0333102126232, 105.817281155726"
42227103,04/03/2025,Mở bán dự án chung cư The Nelson 29 Láng Hạ quỹ căn đẹp nhất dự án liên hệ 0822 238 ***,Giá thỏa thuận,109 m²,N/A,3,2,"Thành Công, Ba Đình","21.020708084106445, 105.8189697265625"
42216296,04/03/2025,"Bán căn hộ cao cấp 3PN, 106m2 tại The Nelson Private Residences, 14 tỷ VND",14 tỷ,106 m²,"132,07 tr/m²",3,2,"Thành Công, Ba Đình","21.02030095686079, 105.818494300079"
41341465,04/03/2025,"Bán căn hộ tòa 195 Đội Cấn, DT 80m2 căn góc 2PN - 2WC giá 5 tỷ TL",5 tỷ,80 m²,"62,5 tr/m²",2,2,"Đội Cấn, Ba Đình","21.0347536063317, 105.825437864646"
38739708,04/03/2025,Bán căn 115m2 view đẹp M3 giá 17 tỷ,17 tỷ,110 m²,"154,54 tr/m²",3,2,"Ngọc Khánh, Ba Đình","21.0332698822021, 105.816703796387"
35935137,04/03/2025,Vin liễu giai: Căn góc 120m2 view 4 hồ tại M3,"20,5 tỷ",120 m²,"170,83 tr/m²",3,2,"Ngọc Khánh, Ba Đình","21.0332698822021, 105.816703796387"
40234634,04/03/2025,Tôi bán nhà căn góc tầng 9 DT 130m2 (nội thất 2 tỷ) tại Vin 29 Liễu Giai,"20,5 tỷ",130 m²,"157,69 tr/m²",2,2,"Ngọc Khánh, Ba Đình","21.03327, 105.8167"
41481546,04/03/2025,"Căn hộ chung cư hàng hot tại Thành Công Tower 57 Láng Hạ, 13.8 tỷ vnd, 193m2, 3PN, pháp lý đầy đủ","13,84 tỷ",192 m²,"72,08 tr/m²",3,3,"Thành Công, Ba Đình","21.0222839440056, 105.819625662747"
39153222,04/03/2025,"Mở bán chung cư mới phố Nguyễn Trãi - Quan Nhân - Thanh Xuân , Hà Nội","1,84 tỷ",58 m²,"31,72 tr/m²",2,1,"Đội Cấn, Ba Đình","21.004092007703647, 105.81630652114005"
42099207,04/03/2025,"Tôi chính chủ bán căn hộ 2PN DT 75m2 chung cư Vinhomes Metropolis, giá 12 tỷ, LH: 0932 392 ***",12 tỷ,75 m²,160 tr/m²,2,2,"Ngọc Khánh, Ba Đình","21.033072797228, 105.816834868779"
42069320,03/03/2025,"Bán suất ngoại giao căn 3PN 106m2 view hồ đẹp nhất dự án Nelson, tặng chuyến du lịch HQ, MPDV 2 năm","13,4 tỷ",106 m²,"126,42 tr/m²",3,2,"Thành Công, Ba Đình","21.020225586867063, 105.81919702840575"
42303950,03/03/2025,"Bán gấp nhà tập thể Thành Công - Ba Đình, 60m2, 2 ngủ, full đồ ở luôn, chỉ 3,1 tỷ","3,1 tỷ",60 m²,"51,67 tr/m²",2,1,"Thành Công, Ba Đình","21.0218715107278, 105.815818987021"
42318100,03/03/2025,Cực hiếm. Chỉ 3.65 tỷ có bớt ra lộc. Tập thể Thành Công. Sổ 29m2. 2PN 1WC. DTSD 58m2. Tầng 2,"3,65 tỷ",58 m²,"62,93 tr/m²",2,1,"Thành Công, Ba Đình","21.0216146776684, 105.812220659808"
42232399,03/03/2025,"Chính chủ cần bán gấp căn hộ The Golden Armor - B6 Giảng Võ, 75m2, 2 ngủ, giá tốt. LH 0972 709 ***",Giá thỏa thuận,75 m²,N/A,2,2,"Giảng Võ, Ba Đình","21.029056832277014, 105.82124447546455"
42322215,03/03/2025,"Bán gấp chung cư mini 2PN, 1WC tại Kim Mã, Ba Đình, Hà Nội, 1,8 tỷ VND, 48m2","1,8 tỷ",48 m²,"37,5 tr/m²",2,1,"Kim Mã, Ba Đình","21.0318262081132, 105.825182808401"
36214363,03/03/2025,Căn 500m2 skyvillas tòa M3 có bể bơi cần bán,Giá thỏa thuận,500 m²,N/A,5,3,"Ngọc Khánh, Ba Đình","21.03326988220215, 105.81670379638672"
38377886,03/03/2025,Tôi có căn góc 3 phòng ngủ M3 muốn bán giá 17 tỷ bao phí,17 tỷ,115 m²,"147,83 tr/m²",3,2,"Ngọc Khánh, Ba Đình","21.0332698822021, 105.816703796387"
36160431,03/03/2025,Bán căn hộ 143m2 tòa M2 mã căn 11,23 tỷ,143 m²,"160,84 tr/m²",4,3,"Ngọc Khánh, Ba Đình","21.0332698822021, 105.816703796387"
42322016,03/03/2025,"Bán nhà tập thể Giảng Võ DT 75 m2. 3 ngủ, 1 khách, bếp và wc","4,6 tỷ",75 m²,"61,33 tr/m²",3,1,"Giảng Võ, Ba Đình","21.0263680451778, 105.817307056135"
41585992,03/03/2025,Đặt mua ngay CH Trung tâm Ba Đình số 29 Láng Hạ Full đồ view Hồ Hoàng Cầu trực tiếp chủ đầu tư,Giá thỏa thuận,83 m²,N/A,2,2,"Thành Công, Ba Đình","21.020708084106445, 105.8189697265625"
42320688,03/03/2025,"Cần nhượng lại căn hộ Studio 55,96m2 - 1PN nhà mới từ bàn giao CĐT tại Quận Ba Đình","8,66 tỷ","55,96 m²","154,75 tr/m²",1,1,"Thành Công, Ba Đình","21.0189107871378, 105.815919684898"
34650183,03/03/2025,"Bán căn hộ cao cấp Lancaster, 20 Núi Trúc, 143m2 03 ngủ view hồ, ban công Đông Nam. LH 0945 894 ***",Giá thỏa thuận,143 m²,N/A,3,2,"Giảng Võ, Ba Đình","21.0288105010986, 105.82356262207"
42103125,03/03/2025,"Bán CC 15-17 Ngọc Khánh, diện tích 146m2, giá bán 6xtr/m2. Tell 0972 687 ***","10,07 tỷ",146 m²,69 tr/m²,3,2,"Giảng Võ, Ba Đình","21.02783015648829, 105.81841492507078"
42305798,03/03/2025,"Siêu hiếm tập thể Láng Hạ, Ba Đình. Tầng 1. Kinh doanh mọi loại hình. Khu vực sầm uất",6 tỷ,70 m²,"85,71 tr/m²",4,1,"Ngọc Khánh, Ba Đình","21.0212959237315, 105.819358578975"
41723078,03/03/2025,"Bán CHCC, 83m2, căn góc, 2PN, Diamond Park Plaza - 16 Láng Hạ, Q. Ba Đình, Hà Nội LH: 0982 040 ***","13,5 tỷ",83 m²,"162,65 tr/m²",2,2,"Thành Công, Ba Đình","21.018843661483647, 105.81631672735244"
30578664,03/03/2025,"Bán căn hộ Platinum Residences - 6 Nguyễn Công Hoan, 108m2 02 ngủ, view hồ. LH 0945 894 ***",Giá thỏa thuận,108 m²,N/A,2,2,"Ngọc Khánh, Ba Đình","21.0270671844482, 105.817451477051"
41878260,03/03/2025,"Bán căn hộ 3 ngủ toà AQua Central 44 Yên Phụ. DT 110 m2, 3 ngủ, 2 wc, giá 15 tỷ",15 tỷ,110 m²,"136,36 tr/m²",3,2,"Trúc Bạch, Ba Đình","21.0440337833839, 105.84524886134"
42318608,03/03/2025,"Bán nhà tập thể Giảng Võ, Ngọc Khánh, 3 ngủ, 2WC, nhà đẹp, ô tô vào sân nhà","3,98 tỷ",75 m²,"53,07 tr/m²",3,2,"Giảng Võ, Ba Đình","21.0260831988629, 105.823146057826"
41997669,03/03/2025,"Bán căn hộ chung cư toà nhà 195 Đội Cấn, Ba Đình 72m2, thiết kế 2 ngủ, 2 wc. LH 0971 405 ***",Giá thỏa thuận,72 m²,N/A,2,2,"Đội Cấn, Ba Đình","21.0347508810429, 105.825542865612"
42318504,03/03/2025,Căn 3 PN View Hồ Hoàng Cầu giá tốt nhất tại dự án 29 Láng Hạ. Liên Hệ em xem thực tế,Giá thỏa thuận,106 m²,N/A,N/A,N/A,"Thành Công, Ba Đình","21.021337871769376, 105.81844737679344"
42318221,03/03/2025,"Bán gấp nhà tập thể Đội Cấn - Ba Đình, 50m2, 2 ngủ, full đồ ở ngay","2,55 tỷ",50 m²,51 tr/m²,2,1,"Liễu Giai, Ba Đình","21.0362653672536, 105.816904194844"
42317545,03/03/2025,Bán tập thể Thành Công. 1 căn duy nhất. Giá chỉ 2.55 tỷ. 2PN 1WC. DT 42m2. Thoáng - Sáng,"2,55 tỷ",42 m²,"60,71 tr/m²",2,1,"Thành Công, Ba Đình","21.0214498374741, 105.812448006543"
42317449,03/03/2025,"Bán gấp căn 2pn Grandeur Giảng Võ, tầng đẹp giá rẻ nhất thị trường. LH: 0933 218 *** Vi Anh xem nhà",12 tỷ,77 m²,"155,84 tr/m²",2,2,"Kim Mã, Ba Đình","21.0283188633108, 105.826168379196"
41919783,03/03/2025,Bán gấp căn hộ 2pn toà M2 hướng Nam đẹp giá tốt nhất thị trường. LH:0933 218 ***,"11,1 tỷ",75 m²,148 tr/m²,2,2,"Ngọc Khánh, Ba Đình","21.03328376134789, 105.81658686658369"
41714860,03/03/2025,Quỹ căn chuyển nhượng vip tại 138B Grandeur Giảng Võ. LH: 0933 218 ***,"12,3 tỷ",78 m²,"157,69 tr/m²",2,2,"Kim Mã, Ba Đình","21.028797149658203, 105.82567596435547"
42035154,03/03/2025,"Bán căn hộ chung cư tại Hà Nội Aqua Central, 14 tỷ, 114 m2, hàng hiếm uy tín",14 tỷ,114 m²,"122,81 tr/m²",3,2,"Trúc Bạch, Ba Đình","21.044044546661315, 105.84550751769144"
41271022,03/03/2025,"Cần tiền đầu tư bán gấp căn hộ vip view hồ Giảng Võ, trung tâm quận Ba Đình, kinh doanh 700tr/1 năm","7,69 tỷ","46,2 m²","166,43 tr/m²",N/A,N/A,"Giảng Võ, Ba Đình","21.029254913330078, 105.82112884521484"
42046004,03/03/2025,"Bán căn góc 3PN toà M1 tại Metropolis 29 Liễu Giai, full nội thấp Châu Âu.LH: 0933 218 ***","22,5 tỷ",110 m²,"204,54 tr/m²",N/A,N/A,"Ngọc Khánh, Ba Đình","21.033280751139046, 105.81655576487759"
42201936,03/03/2025,"Bán gấp căn 2pn M2- Metropolis giá 13 tỷ, view hồ kim Mã, tầng trung đẹp. LH:0933 218 ***",13 tỷ,80 m²,"162,5 tr/m²",2,2,"Ngọc Khánh, Ba Đình","21.03270518364912, 105.81606348588515"
42233544,03/03/2025,"Quỹ căn độc quyền, giá tốt nhất tại Metropolis, khách giao dịch trực tiếp chủ nhà. LH: 0933 218 ***","12,4 tỷ",83 m²,"149,4 tr/m²",2,2,"Ngọc Khánh, Ba Đình","21.033576979681996, 105.81692623451282"
38061853,03/03/2025,"Cần bán căn 3 ngủ tại chung cư Platinum Residences - 3 phòng ngủ, căn góc đẹp, ban công Nam",9 tỷ,117 m²,"76,92 tr/m²",3,2,"Ngọc Khánh, Ba Đình","21.027067184448242, 105.81745147705078"
41576219,03/03/2025,Hot suất ngoại giao căn góc 3 ngủ VIP nhất dự án 29 Láng Hạ tầng đẹp view trực diện hồ Hoàng Cầu,Giá thỏa thuận,"106,2 m²",N/A,3,N/A,"Thành Công, Ba Đình","21.0207080841064, 105.818969726563"
42316346,03/03/2025,Chung cư VIP nhất Ba Đình - căn hộ cao cấp tòa Hà Nội Aqua Central 44 Yên Phụ - vị trí đắc địa,"14,5 tỷ",110 m²,"131,82 tr/m²",3,2,"Trúc Bạch, Ba Đình","21.0443195717516, 105.84564594657"
40675108,03/03/2025,"Bán căn hộ chung cư 6 Đội Nhân, 60 m2, 2 PN, full đồ, tầng cao, view thoáng, giá 4 tỷ",4 tỷ,60 m²,"66,67 tr/m²",2,N/A,"Vĩnh Phúc, Ba Đình","21.0416355133057, 105.811874389648"
39196881,03/03/2025,Chính chủ bán nhanh căn 3 ngủ 120m2 đã sổ đỏ full nội thất cao cấp Hanoi Aqua Central 44 Yên Phụ,14 tỷ,120 m²,"116,67 tr/m²",3,2,"Trúc Bạch, Ba Đình","21.0444717407227, 105.845626831055"
41949865,03/03/2025,"Chính chủ bán chung cư 15-17 Ngọc Khánh 123m2, 3PN 2VS. Giá: 9,2 tỷ. LH: 0965 960 ***","9,2 tỷ",123 m²,"74,8 tr/m²",3,2,"Giảng Võ, Ba Đình","21.0281015969919, 105.817863913028"
41995796,03/03/2025,Chính chủ bán nhanh căn 72m2 chung cư 195 Đội Cấn full nội thất cực đẹp giá chỉ nhỉnh 5 tỷ,"5,6 tỷ",72 m²,"77,78 tr/m²",2,2,"Đội Cấn, Ba Đình","21.0349039959492, 105.82536999646"
42090538,03/03/2025,"Quỹ căn nội bộ The Nelson tầng đẹp giá niêm yết, chiết khấu cao cho quý khách hàng trong 2025",Giá thỏa thuận,83 m²,N/A,N/A,N/A,"Thành Công, Ba Đình","21.02052547422883, 105.8188602927435"
42280832,03/03/2025,"Bán chung cư cao cấp phố Đội Nhân, Ba Đình, Hà Nội","6,1 tỷ",95 m²,"64,21 tr/m²",2,2,"Vĩnh Phúc, Ba Đình","21.0409253994374, 105.811439893445"
42263885,03/03/2025,"Cực hiếm! Bán Tập Thể Đội Cấn, Ba Đình, 2 ngủ giá chỉ 2.55 tỷ, nhà đẹp ở luôn","2,55 tỷ",50 m²,51 tr/m²,2,1,"Đội Cấn, Ba Đình","21.0347067249354, 105.825130269041"
42189208,03/03/2025,"Bán cc 15/17 Ngọc Khánh, diện tích 123m2, giá bán nhỉnh 9 tỷ. Tell 0934 288 ***","9,5 tỷ",123 m²,"77,24 tr/m²",3,2,"Giảng Võ, Ba Đình","21.02700659404947, 105.81739376929299"
42314532,03/03/2025,"Bán CC Newtatco - Vĩnh Phúc - Ba Đình, 5,x tỷ - 72m2 - 2PN - 1VS. Chính chủ. Liên hệ: 0963 815 ***",Giá thỏa thuận,72 m²,N/A,2,1,"Vĩnh Phúc, Ba Đình","21.0427724263114, 105.80755732690537"
40001450,03/03/2025,Bán skyvillas M2 Metropolis view 04 Hồ full đồ,50 tỷ,200 m²,250 tr/m²,4,3,"Ngọc Khánh, Ba Đình","21.03326988220215, 105.81670379638672"
42313616,03/03/2025,Tập thể T1 Ba Đình - 50m2 2 ngủ riêng biệt - khu dân trí cao - full đồ - 2.52 tỷ,"2,52 tỷ",50 m²,"50,4 tr/m²",2,N/A,"Đội Cấn, Ba Đình","21.0348719136228, 105.825470490255"
41306331,03/03/2025,"Siêu đẹp! Chính chủ bán căn 2 ngủ trục đẹp nhất tòa Vinhomes Metropolis, full đồ, giá cực tốt",Giá thỏa thuận,80 m²,N/A,2,2,"Ngọc Khánh, Ba Đình","21.033269882202148, 105.81670379638672"
42210409,02/03/2025,"Bán chung cư cao cấp 80m2 tại The Golden Armor, B6 Giảng Võ, 2PN, có nội thất",Giá thỏa thuận,80 m²,N/A,2,2,"Giảng Võ, Ba Đình","21.02978741137283, 105.82128387754071"
41436514,02/03/2025,"Bán gấp căn hộ chung cư cao cấp Platinum Residences, 113m2, 2PN, ban công hướng mát",Giá thỏa thuận,113 m²,N/A,3,2,"Ngọc Khánh, Ba Đình","21.0270671844482, 105.817451477051"
40932951,02/03/2025,Chủ đầu tư mở bán 1 căn duy nhất vào tên trực tiếp trên hợp đồng mua bán. Diện tích 160m2 - 4PN3WC,"9,6 tỷ",160 m²,60 tr/m²,4,3,"Thành Công, Ba Đình","21.02042857719731, 105.81565678757674"
42219165,02/03/2025,"Bán căn 2PN 77,6m2 cc Grandeur Palace Giảng Võ, nội thất mới, nhà đẹp sẵn sổ đỏ liên hệ: 0822 238 ***","12,5 tỷ","77,6 m²","161,08 tr/m²",2,2,"Kim Mã, Ba Đình","21.0280384416533, 105.825959671768"
41755387,02/03/2025,"Cần bán căn duplex 230m2 tại dự án Platinum - số 6 Nguyễn Công Hoan, giá thoả thuận. Lh: 0906 244 ***",Giá thỏa thuận,230 m²,N/A,4,3,"Ngọc Khánh, Ba Đình","21.0270671844482, 105.817451477051"
42187733,02/03/2025,"2025- Gia đình mình cần bán căn góc 145m2 chính chủ view hồ Giảng Võ, căn đẹp nhất giá rẻ!",Giá thỏa thuận,145 m²,N/A,3,3,"Giảng Võ, Ba Đình","21.028492324617122, 105.82359003360868"
39863475,02/03/2025,Bán nhà tập thể Thành Công - Nguyên Hông - Nguyễn Chí Thanh nhà đẹp thoáng sạch sẽ xách vali về ở,"3,7 tỷ",31 m²,"119,36 tr/m²",3,2,"Thành Công, Ba Đình","21.0214391965866, 105.816181479348"
41926070,01/03/2025,"Trực tiếp quỹ CĐT dự án căn hộ cao cấp The Nelson - trung tâm quận ba Đình, view trọn hồ Hoàng Cầu","15,69 tỷ",106 m²,148 tr/m²,3,2,"Thành Công, Ba Đình","21.020566594873472, 105.81901911206202"
34975276,01/03/2025,"Bán gấp - chung cư C1 Đội Cấn - Văn Cao - Ba Đình, nội thất đầy đủ, sổ hồng vĩnh viễn",800 triệu,38 m²,"21,05 tr/m²",2,2,"Đội Cấn, Ba Đình","21.0349161, 105.8253805"
42200832,01/03/2025,Chính chủ - bán chung cư H2 Đội Cấn - Ngọc Hà - Ba Đình - full nội thất,800 triệu,35 m²,"22,86 tr/m²",1,1,"Điện Biên, Ba Đình","21.0355435939852, 105.818945873816"
42306008,01/03/2025,Tập thể tầng 1 - Láng Hạ - kinh doanh mọi loại hình - ô tô tránh,6 tỷ,70 m²,"85,71 tr/m²",4,1,"Ngọc Khánh, Ba Đình","21.0217119898539, 105.818902357352"
40927978,01/03/2025,"Bán chung cư Ba Đình, 109m2, 2 ngủ, căn góc, chung cư cán bộ cấp cao - 8.7 tỷ. LH: 0904 154 ***","8,7 tỷ",109 m²,"79,82 tr/m²",2,2,"Trúc Bạch, Ba Đình","21.0427804342241, 105.844119557706"
41780646,01/03/2025,CDT Lê Trực mở bán đợt cuối CC cao cấp Discovery Central 67 Trần Phú. Nhận nhà ở ngay,"7,1 tỷ",71 m²,100 tr/m²,2,N/A,"Điện Biên, Ba Đình","21.0318458911451, 105.830973123292"
40856929,01/03/2025,Bán căn penthouse Vinhomes Metropolis view hồ - 337m2 - 81 tỷ - Sổ đỏ sẵn sàng giao dịch,81 tỷ,337 m²,"240,36 tr/m²",N/A,N/A,"Ngọc Khánh, Ba Đình","21.03326988220215, 105.81670379638672"
42268037,01/03/2025,"Bán Tập thể Đội Cấn, Ba Đình, gần Phố, T1, 50m2(23m2 sổ), 2 ngủ, 2.55 tỷ","2,55 tỷ",50 m²,51 tr/m²,2,N/A,"Đội Cấn, Ba Đình","21.034710498791, 105.825402227149"
36606043,01/03/2025,"Mở bán CCMN K7 Đội Cấn - Liễu Giai Ba Đình 30 - 50m2 siêu đẹp, cạnh bảo tàng B52","1,5 tỷ",45 m²,"33,33 tr/m²",N/A,N/A,"Liễu Giai, Ba Đình","21.0361206, 105.8168371"
42200101,01/03/2025,"Bán gấp CC 160m2 tại chung cư C1 Thành Công, giá thỏa thuận, 4PN, 4WC",Giá thỏa thuận,160 m²,N/A,4,4,"Thành Công, Ba Đình","21.021355184646108, 105.81585821023016"
42185527,01/03/2025,"Bán nhà riêng tập thể tầng 2 tại mặt hồ Thành Công, Ba Đình, Hà Nội, 4,3 tỷ, 100m2","4,3 tỷ",100 m²,43 tr/m²,3,2,"Thành Công, Ba Đình","21.0217120253102, 105.816282694706"
41005473,01/03/2025,Hotline dự án Diamond Park 16 Láng Hạ: 0905 956 *** (Miễn môi giới),17 tỷ,125 m²,136 tr/m²,3,2,"Thành Công, Ba Đình","21.0224933121478, 105.819807092648"
40670835,01/03/2025,Bán căn hộ Skyvilla Vinhomes Metropolis 400m2 vị trí cực vip view trọn Hồ Tây,77 tỷ,400 m²,"192,5 tr/m²",N/A,N/A,"Ngọc Khánh, Ba Đình","21.0332698822021, 105.816703796387"
29444863,01/03/2025,"Chính chủ bán Vinhomes Metropolis 148m2 tòa M3 căn 10, 4PN tầng 29 vip view hồ Tây. LH: 0339 621 ***",Giá thỏa thuận,148 m²,N/A,4,N/A,"Ngọc Khánh, Ba Đình","21.0332698822021, 105.816703796387"
41686611,01/03/2025,"Bán căn chung cư phố Yên Ninh 106m2, giá chỉ hơn 8tỷ",Giá thỏa thuận,106 m²,N/A,3,3,"Nguyễn Trung Trực, Ba Đình","21.0426514141767, 105.844057699335"
42300562,28/02/2025,"Bán CC 3PN, 3WC, 120m2, đường Yên Ninh, Ba Đình, Hà Nội, giá thỏa thuận",Giá thỏa thuận,120 m²,N/A,3,3,"Nguyễn Trung Trực, Ba Đình","21.0423157140711, 105.843598467975"
42296670,28/02/2025,"Bán nhà tập thể phố Trần Phú - Ba Đình - 3.3tỷ, S26/50m2 2ngủ","3,3 tỷ",50 m²,66 tr/m²,2,1,"Điện Biên, Ba Đình","21.0314069864156, 105.837574955862"
40403783,28/02/2025,"TT Thành Công tầng 1 sổ 15,3 m2 thực tế 24m2, kinh doanh dòng tiền ổn định. SĐCC","2,62 tỷ","15,3 m²","171,24 tr/m²",N/A,N/A,"Thành Công, Ba Đình","21.0219033, 105.8157732"
37417648,28/02/2025,"CĐT mở bán các CH 1,2,3PN tại CC Discovery Central 67 Trần Phú. CK 1-3%, miễn phí 24 tháng dịch vụ",Giá thỏa thuận,70 m²,N/A,2,2,"Điện Biên, Ba Đình","21.0324192047119, 105.831359863281"
36127312,28/02/2025,"Mua nhà đón Tết! Mở bán chung cư Đội Cấn - Văn Cao, Quận Ba Đình 590 triệu/căn, tặng 1 cây vàng",590 triệu,26 m²,"22,69 tr/m²",1,1,"Đội Cấn, Ba Đình","21.0349161, 105.8253805"
42295097,28/02/2025,Chính chủ bán chung cư căn góc cực vip Số 6 Đội Nhân,"6,1 tỷ","89,5 m²","68,16 tr/m²",2,N/A,"Vĩnh Phúc, Ba Đình","21.041305529674005, 105.81112198701597"
42191366,28/02/2025,"Bán gấp nhà TT ngân hàng trung ương 50B Châu Long. DT 45m2 view nhìn hồ Trúc Bạch, vị trí trung tâm","3,45 tỷ",45 m²,"76,67 tr/m²",N/A,N/A,"Trúc Bạch, Ba Đình","21.0454592457225, 105.842478576322"
42291905,28/02/2025,"Gia đình tôi cần bán căn nhà ngõ 92 Cửa Bắc 105m2 nhà tầng 5, TK 4 PN giá 3,3 tỷ","3,3 tỷ",105 m²,"31,43 tr/m²",4,N/A,"Quán Thánh, Ba Đình","21.0429270623616, 105.842643834048"
41573727,28/02/2025,"Căn hộ 3PN, View 4 hồ, cực hiếm hộ khẩu Ba Đình cuối cùng vào tên trực tiếp ở ngay full tiện ích","13,78 tỷ",106 m²,130 tr/m²,3,2,"Thành Công, Ba Đình","21.019416809082, 105.816879272461"
41491747,28/02/2025,"Chính chủ bán căn 145m2 tại 57 Láng Hạ. Sổ đỏ sẵn giao dịch, có xuất gửi ô tô dưới hầm","10,88 tỷ",145 m²,75 tr/m²,3,2,"Thành Công, Ba Đình","21.0192604064941, 105.817268371582"
41976280,28/02/2025,"Bán căn hộ tại Aqua Central - 120m2, 3 phòng ngủ, view thoáng - 44 Yên Phụ. LH 0372 004 ***","14,5 tỷ",120 m²,"120,83 tr/m²",3,2,"Trúc Bạch, Ba Đình","21.0441173114929, 105.84615147448"
42289992,28/02/2025,Khu VIP Ba Đình - Sổ to 50m2 - Sử dụng 80m2 - 2 Thoáng - 2 ngủ - 4.82 tỷ có bớt,"4,82 tỷ",80 m²,"60,25 tr/m²",2,N/A,"Vĩnh Phúc, Ba Đình","21.0444233212598, 105.810342438755"
42115777,28/02/2025,Em Huy PKD Chủ Đầu Tư Nelson Private 29 Láng Hạ mở bán đợt 1 căn hộ 3PN góc giá tốt nhất tại dự án,"13,4 tỷ",106 m²,"126,42 tr/m²",3,2,"Thành Công, Ba Đình","21.02090109385329, 105.81866006910516"
42285563,27/02/2025,"Chính chủ cần bán gấp CH Grandeur Palace 138B Giảng Võ, 77.6m2, 2PN, đủ đồ. LH 0372 004 ***",12 tỷ,78 m²,"153,85 tr/m²",2,2,"Kim Mã, Ba Đình","21.028507719899434, 105.82537601030911"
42185504,27/02/2025,Bán gấp căn hộ tập thể Ngân Hàng Trung Ương Phố Châu Long. 45 m2 giá 3.8 tỷ,"3,5 tỷ",45 m²,"77,78 tr/m²",2,1,"Trúc Bạch, Ba Đình","21.0451164134843, 105.842452851446"
42283439,27/02/2025,"Bán căn chung cư cao cấp 44 Yên Phụ - Ba Đình - Hà Nội, DT 110m2, giá 14,9 tỷ sổ đỏ SSGD","14,9 tỷ",110 m²,"135,46 tr/m²",3,N/A,"Trúc Bạch, Ba Đình","21.0443329038407, 105.845526970627"
42282875,27/02/2025,"Bán CC 4PN, 3WC giá tốt tại Vinhomes Metropolis, Liễu Giai, Ba Đình, Hà Nội, 17 tỷ, 135.34m2",17 tỷ,"135,34 m²","125,61 tr/m²",4,3,"Ngọc Khánh, Ba Đình","21.033050828412417, 105.81729388159066"
27304138,27/02/2025,Cập nhật các căn chuyển nhượng 2PN - 3PN giá tốt. Xem căn hộ 24/7: 0899 822 ***,Giá thỏa thuận,"77,8 m²",N/A,2,2,"Kim Mã, Ba Đình","21.0294971466064, 105.82706451416"
30386149,27/02/2025,"Bán gấp căn hộ chung cư Platinum Residences - 6 Nguyễn Công Hoan, 117m2 03 ngủ. Lh 0945 894 ***",Giá thỏa thuận,117 m²,N/A,3,2,"Ngọc Khánh, Ba Đình","21.0270671844482, 105.817451477051"
42282728,27/02/2025,"Chính chủ bán CH 4PN chung cư Thành Công Tower 57 Láng Hạ 200m2 full đồ SĐCC 13,5 tỷ 0971 085 ***","13,5 tỷ",200 m²,"67,5 tr/m²",4,3,"Thành Công, Ba Đình","21.01903543520031, 105.81692692085244"
41830965,27/02/2025,"Chính chủ cần bán căn hộ chung cư 2PN tòa 195 Đội Cấn, Ba Đình, Hà Nội. LH 0944 928 ***",Giá thỏa thuận,70 m²,N/A,2,2,"Đội Cấn, Ba Đình","21.0352100633408, 105.825595705247"
40675221,27/02/2025,"Bán căn hộ chung cư 6 Đội Nhân, 94 m2, thiết kế 2 PN, full đồ, view khu biệt thự, giá 6 tỷ",6 tỷ,94 m²,"63,83 tr/m²",2,N/A,"Vĩnh Phúc, Ba Đình","21.0416355133057, 105.811874389648"
42280576,27/02/2025,Chính chủ cần bán chung cư C7 Giảng Võ 55m2 2PN LH: 0965 960 ***,"4,7 tỷ",55 m²,"85,46 tr/m²",2,1,"Giảng Võ, Ba Đình","21.029336670785263, 105.82187469495784"
42280405,27/02/2025,"Chính chủ cần bán gấp căn CC 4N, 199m nội thất cực sịn, tầng đẹp, số phòng rất phong thuỷ, 15,8 tỷ","15,8 tỷ",199 m²,"79,4 tr/m²",4,4,"Thành Công, Ba Đình","21.018534958657863, 105.8169104153156"
41144026,26/02/2025,"Chủ bán CH B6 Giảng Võ Ba Đình, DT 83m2 - 3PN - 7,5 tỷ - và 104m2 - 4PN - 12,5 tỷ SĐCC: 0971 085 ***","7,5 tỷ",83 m²,"90,36 tr/m²",3,2,"Giảng Võ, Ba Đình","21.0296936035156, 105.821510314941"
41851799,26/02/2025,"Căn hộ 5 sao hướng thủy tuyệt mỹ view 2 hồ độc nhất tại HN, em Huy PKD chủ đầu tư Nelson Private","11,4 tỷ","87,2 m²","130,73 tr/m²",2,2,"Thành Công, Ba Đình","21.0205007580602, 105.818702265295"
41377341,26/02/2025,Cần bán căn Skyvilla Vinhome Metropolis giá 85 tỷ dt 360m2 view Hồ Tây LH: 0981 968 ***,85 tỷ,360 m²,"236,11 tr/m²",N/A,N/A,"Ngọc Khánh, Ba Đình","21.0332698822021, 105.816703796387"
42276529,26/02/2025,"Bán chung cư VIP phố Đốc Ngữ, Phường Vĩnh Phúc, Ba Đình, Hà Nội","10,2 tỷ","145,52 m²","70,09 tr/m²",3,3,"Vĩnh Phúc, Ba Đình","21.0421239270029, 105.814039134851"
41603205,26/02/2025,"Bán căn hộ chung cư hàng hiếm tại chung cư 15-17 Ngọc Khánh, giá thỏa thuận, 146m2",Giá thỏa thuận,146 m²,N/A,3,2,"Giảng Võ, Ba Đình","21.0272884368896, 105.817764282227"
42274515,26/02/2025,"Bán gấp nhà tập thể Thành Công, Ba Đình, 58m2, gần hồ, ô tô đỗ cửa, gần trường cấp 3 Phan Huy Chú","2,7 tỷ",58 m²,"46,55 tr/m²",2,N/A,"Thành Công, Ba Đình","21.0214654835621, 105.815727176102"
41147207,26/02/2025,Tôi cần bán căn hộ chung cư tại Platinum Residences - số 6 Nguyễn Công Hoan. LH 0372 004 ***,9 tỷ,117 m²,"76,92 tr/m²",2,2,"Ngọc Khánh, Ba Đình","21.027067, 105.81745"
42273444,26/02/2025,"Bán tập thể tầng 6, 3PN + 2WC, 75m2, đường Bưởi, giá 4,5 tỷ","4,5 tỷ",75 m²,60 tr/m²,3,2,"Vĩnh Phúc, Ba Đình","21.0390455352744, 105.803937670215"
41527064,26/02/2025,Tôi cần bán căn hộ duplex chung cư cao cấp Platinum Residences - Phố Nguyễn Công Hoan - Ngọc Khánh,21 tỷ,260 m²,"80,77 tr/m²",4,N/A,"Ngọc Khánh, Ba Đình","21.0270671844482, 105.817451477051"
40841098,26/02/2025,Bán căn hộ tập thể tầng 4 Bộ Tư Lệnh Lăng ngõ 35 Kim Mã Thượng,"4,2 tỷ",43 m²,"97,67 tr/m²",3,1,"Cống Vị, Ba Đình","21.0365832194684, 105.812026258608"
42272634,26/02/2025,"CHUNG CƯ BA ĐÌNH 90M 5,6 TỶ 3 PN,2 BAN CÔNG,TIỆN ÍCH,CÔNG NĂNG,DÂN TRÍ GẦN HỒ,LÔ GÓC","5,6 tỷ",83 m²,"67,47 tr/m²",3,1,"Đội Cấn, Ba Đình","21.0350920112398, 105.826360978173"
41663782,26/02/2025,8 suất ngoại giao duy nhất tại chung cư The Nelson - HD Mon 29 Láng Hạ. Sổ lâu dài. 0976 380 ***,"10,79 tỷ",83 m²,130 tr/m²,2,2,"Thành Công, Ba Đình","21.020708, 105.81897"
41850510,26/02/2025,"Bán CC The Nelson, 29 Láng Hạ, giá thỏa thuận, 87.2m2, pháp lý đầy đủ",Giá thỏa thuận,"87,2 m²",N/A,N/A,N/A,"Thành Công, Ba Đình","21.0209774095693, 105.819644018563"
40899868,26/02/2025,"163m2 - Cần bán căn góc chung cư Lancaster Núi Trúc, căn hoa hậu view hồ Tây",Giá thỏa thuận,163 m²,N/A,3,3,"Giảng Võ, Ba Đình","21.0288105010986, 105.82356262207"
42063946,26/02/2025,"Bán gấp 1PN toà M2 - Metropolis 29 Liễu Giai tầng đẹp, view đẹp, full nội thất giá chỉ 140tr/m2",8 tỷ,57 m²,"140,35 tr/m²",1,1,"Ngọc Khánh, Ba Đình","21.0332734224664, 105.817067228272"
42110886,26/02/2025,"Bán căn 3PN - 106 m2 chung cư The Nelson 29 Láng Hạ trung tâm quận Ba Đình, sổ hồng vĩnh viễn!","12,8 tỷ",106 m²,"120,76 tr/m²",3,2,"Thành Công, Ba Đình","21.0213357251094, 105.816122574752"
42268945,25/02/2025,"Cực Hiếm!! Bán gấp nhà tập thể 7.2ha Vĩnh Phúc- Ba Đình, sổ to 80m, oto,chỉ 4,39 tỷ","4,39 tỷ",80 m²,"54,88 tr/m²",2,1,"Vĩnh Phúc, Ba Đình","21.0441058097731, 105.809907948823"
42078403,25/02/2025,"Shock! Bán căn Metropolis 2PN full nội thất diện tích 80m2 thiết kế thoáng sáng cực đẹp giá 12,5 tỷ","12,5 tỷ",80 m²,"156,25 tr/m²",2,2,"Ngọc Khánh, Ba Đình","21.033210168604672, 105.81669387492674"
41808545,25/02/2025,"Chung cư Cao cấp B6 Giảng Võ, Ba Đình 85m2, 2PN, 9,5 tỷ LH 0366 221 ***","9,5 tỷ",84 m²,"113,1 tr/m²",2,2,"Giảng Võ, Ba Đình","21.029556834774596, 105.82169105368577"
41604807,25/02/2025,"Chính chủ cần bán gấp CH Grandeur Palace 138B Giảng Võ, 154m2, 3PN, đủ đồ. LH 0372 004 ***",Giá thỏa thuận,154 m²,N/A,3,2,"Kim Mã, Ba Đình","21.0287971496582, 105.825675964355"
42265001,25/02/2025,"Có 1 0 2! Bán căn hộ tập thể Đội Cấn, Ba Đình, giá rẻ, 50m2, 2PN, nhỉnh 2 tỷ","2,53 tỷ",50 m²,"50,6 tr/m²",2,1,"Liễu Giai, Ba Đình","21.0358820022606, 105.816587176075"
41960652,25/02/2025,"Siêu hot hàng hiếm 5 suất ngoại giao DA The Nelson Private Residences, 29 Láng Hạ, LH 0912 779 ***","11,6 tỷ",83 m²,"139,76 tr/m²",2,2,"Thành Công, Ba Đình","21.0211957178898, 105.818956287937"
42262356,25/02/2025,"Bán gấp CHCC The Golden Amor - B6 Giảng Võ, 104m2, 3PN, căn góc, full nội thất Liên Hệ: 0975 864 ***",Giá thỏa thuận,104 m²,N/A,3,2,"Giảng Võ, Ba Đình","21.029677653093803, 105.82152722975638"
24896330,25/02/2025,"Bán gấp căn hộ chung cư Platinum Residences - Nguyễn Công Hoan, 117m2, 3PN, căn góc 0941 882 ***",Giá thỏa thuận,117 m²,N/A,3,2,"Ngọc Khánh, Ba Đình","21.0270671844482, 105.817451477051"
30384553,25/02/2025,"Bán gấp căn hộ chung cư tại Platinum Residences - 06 Nguyễn Công Hoan, 108m2, 2PN, View hồ Giảng Võ",Giá thỏa thuận,108 m²,N/A,2,2,"Ngọc Khánh, Ba Đình","21.0270671844482, 105.817451477051"
42261467,25/02/2025,"Bán CH Tập thể Đội Cấn,Ba Đình Dt 50m2,2pn,1vs nhà đẹp giá 2,55 tỷ","2,55 tỷ",50 m²,51 tr/m²,2,1,"Liễu Giai, Ba Đình","21.0360732296437, 105.816926982035"
42261575,25/02/2025,Chính chủ bán nhanh căn 72m2 chung cư 195 Đội Cấn full nội thất cực đẹp giá chỉ nhỉnh 5 tỷ,"5,6 tỷ",72 m²,"77,78 tr/m²",2,2,"Đội Cấn, Ba Đình","21.0350897416241, 105.825373673586"
42260080,25/02/2025,"Hiếm, bán tập thể Thành công, TT Ba Đình, ngay Đống Đa, tầng 2 60m2 x 2PN, giá 3,5 tỷ","3,5 tỷ",60 m²,"58,33 tr/m²",2,1,"Thành Công, Ba Đình","21.0220151339811, 105.815947620705"
42256448,25/02/2025,"Siêu hiếm! Bán căn hộ chung cư 57 Láng Hạ 200m2, 3PN, giá: 13.9 tỷ","13,9 tỷ",200 m²,"69,5 tr/m²",3,2,"Thành Công, Ba Đình","21.018820667602608, 105.81739025807289"
40177297,24/02/2025,"Bán nhanh căn hộ Penthouse tại Hà Nội Aqua Central - 44 Yên Phụ 500m2, đồ siêu xịn, 0941 882 ***",Giá thỏa thuận,500 m²,N/A,5,4,"Trúc Bạch, Ba Đình","21.044471740722656, 105.84562683105469"
